Workbook

Sheet Change_Log
A1: Step | B1: Dataset Affected | C1: Action | D1: Details / Rationale | E1: Formula(s) Used
A2: 1 | B2: Raw_TRM_Cop_Usd | C2: Included TRM data | D2: Added TRM values to enable cacao price conversion to USD. | E2: —
C3: Created month_ref column | D3: Generated monthly reference for aggregation and joining. | E3: DATE(YEAR(A2), MONTH(A2), 1)
A4: 1.1 | B4: Cleaned_TRM_Cop_Usd | C4: Created month_ref column (B:B) | D4: Used as reference to match with Monthly_Colombian_Cacao for calculations. | E4: DATE(YEAR(A3), MONTH(A3), 1)
C5: Created cacao–USD conversion table | D5: Stored in Monthly_TRM_Cop_Usd. | E5: —
A6: 1.2 | B6: Monthly_TRM_Cop_Usd | C6: Created table for monthly TRM | D6: Calculated average TRM for each month (column trm_average_month). | E6: AVERAGEIF(Cleaned_TRM_Cop_Usd!B:B, A2, Cleaned_TRM_Cop_Usd!C:C)
A7: 2 | B7: Raw_Pipeline_Colombian_Cacao | C7: Created cleaning pipeline | D7: Initial pipeline to clean and standardize Colombian cacao price data. | E7: —
C8: Replaced commas (D:D) | D8: Replaced commas with dots to standardize decimal format. | E8: SUBSTITUTE(C2, ",", ".")
C9: Fixed malformed decimals (E:E) | D9: Removed the first of two dots in cases where two decimal points were present. | E9: IF(LEN(D2)-LEN(SUBSTITUTE(D2,".",""))>=2, SUBSTITUTE(D2,".","",1), D2)
C10: Trimmed whitespace & removed non-printable characters (F:F) | D10: Removed leading/trailing spaces and ASCII noise (CHAR(160), UNICHAR(8203), CHAR(10/13)). | E10: TRIM(CLEAN(SUBSTITUTE(SUBSTITUTE(G2,CHAR(160),""),UNICHAR(8203),"")))
C11: Converted to numeric (G:G) | D11: Ensured values were recognized as numeric. | E11: VALUE(F2)
C12: Validated integrity (H:H) | D12: Verified length and numeric format of cleaned values. | E12: LEN(G2), ISNUMBER(G2)
A13: 2.1 | B13: Raw2_Pipeline_Colombian_Cacao | C13: Added missing price data | D13: Included additional dataset covering 22 July 2024 – 3 August 2025. | E13: —
C14: Created second cleaning pipeline | D14: Applied the same structure used for the first raw dataset. | E14: —
C15: Cleaned Week column (B:B) | D15: Standardized “30 al 05” into “30 - 5”. | E15: LEFT(B2, FIND("al", B2)-2) / RIGHT(B2, FIND("al", B2)-2) / =E2 & " - " & F2
C16: Extracted year (D:D) | D16: Isolated 4-digit year from text. | E16: IFERROR(MID(A2, FIND("202", A2), 4), "")
C17: Standardized month numbers (E:E) | D17: Converted Spanish month names to their numeric equivalent (1–12). | E17: CHOOSE(MATCH(TRUE, ISNUMBER(SEARCH({"enero",...,"diciembre"}, LOWER(A2))), 0), 1, …, 12)
C18: Standardized date format (F:F) | D18: Concatenated Year and Month into uniform date structure. | E18: CONCAT(E2,"/1/",D2)
C19: Applied cleaning pipeline | D19: Used same G–K column structure as the first pipeline. | E19: —
A20: 2.2 | B20: Cleaned_Colombian_Cacao | C20: Merged cleaned datasets (B:B) | D20: Consolidated both pipelines and manually added missing date/price entries. | E20: —
C21: Filled missing date ranges | D21: Included 22–28 July 2024 and 28 July–3 August 2025. | E21: —
C22: Recalculated monthly averages | D22: Final averages stored in Monthly_Colombian_Cacao. | E22: —
C23: Standarized Week format to export (C:C) | D23: Changed "-" to "–" to prevent formatting issues. | E23: SUBSTITUTE(B2,"-","–")
A24: 2.3 | B24: Monthly_Colombian_Cacao | C24: month_sum (B:B) | D24: Total price per month. | E24: SUMIF(Cleaned_Colombian_Cacao!$A:$A, A2, Cleaned_Colombian_Cacao!$C:$C)
C25: number_weeks (C:C) | D25: Number of price observations per month. | E25: COUNTIF(Cleaned_Colombian_Cacao!$A:$A, A2)
C26: avg_month (D:D) | D26: Average price per month. | E26: month_sum / number_weeks
C27: trm_usd (E:E) | D27: Monthly TRM lookup. | E27: XLOOKUP(A2, Monthly_TRM_Cop_Usd!A:A, Monthly_TRM_Cop_Usd!B:B, "Not found")
C28: price_usd_metric_kilogram (F:F) | D28: Cacao price in USD per kg. | E28: avg_month / trm_usd
C29: price_usd_metric_ton (G:G) | D29: Cacao price in USD per metric ton. | E29: F2 * 1000
A30: 3 | B30: Cleaned_Global_Cacao | C30: Renamed columns | D30: Standardized column names to match overall schema. | E30: —
A31: 4 | B31: Raw_Trade_WITS | C31: Merged data (2013–2024) | D31: Combined annual export data into a single worksheet. | E31: —
C32: Filtered by HS codes | D32: Retained only HS codes 180631 and 180632 (chocolate bars). | E32: —
A33: 5 | B33: Raw_Chocolate_Producer_Price | C33: No changes | D33: Dataset used as provided. | E33: —
A34: 5.1 | B34: Cleaned_Chocolate_Producer_Pric | C34: Renamed columns | D34: Changed the column name PCU3113513113514 with producer_price_index | E34: —
A35: 6 | B35: Cleaned_Trade_WITS | C35: Fixed ISO3 formatting | D35: Removed trailing spaces in ReporterISO3 (e.g., 531 — Curaçao). | E35: —
A36: 7 | B36: All Clean Datasets | C36: Renamed columns | D36: Converted headers to snake_case for SQL compatibility. | E36: —

Sheet Pivot_Global_Cacao
A1: Row Labels | B1: Average of price_cocoa_usd_metric_ton
A2: 2013 | B2: 2439.0935 | K2: Outliers
A3: 2014 | B3: 3062.7681 | K3: Max | L3: =MAX(B2:B13) -> 7390.5643 | M3: =_xlfn.XLOOKUP(L3,$B$2:$B$37,$A$2:$A$37) -> 2024
A4: 2015 | B4: 3135.1663 | K4: Min | L4: =MIN(B2:B13) -> 2029.3379 | M4: =_xlfn.XLOOKUP(L4,$B$2:$B$37,$A$2:$A$37) -> 2017
A5: 2016 | B5: 2891.2566
A6: 2017 | B6: 2029.3379
A7: 2018 | B7: 2293.7391
A8: 2019 | B8: 2340.8215
A9: 2020 | B9: 2369.9582
A10: 2021 | B10: 2425.5182
A11: 2022 | B11: 2369.4029
A12: 2023 | B12: 3258.0444
A13: 2024 | B13: 7390.5643
A14: 2025 | B14: 9143.1143
A15: Grand Total | B15: 3206.6015

Sheet Pivot_Colombian_Cacao
A1: Row Labels | B1: Average of price_usd_metric_ton
A2: 2013 | B2: 2302.5961
A3: 2014 | B3: 2680.4493
A4: 2015 | B4: 2562.1075
A5: 2016 | B5: 2571.9266
A6: 2017 | B6: 1775.6757
A7: 2018 | B7: 1984.2303
A8: 2019 | B8: 2045.3231
A9: 2020 | B9: 2192.7355
A10: 2021 | B10: 2085.2984
A11: 2022 | B11: 2075.8383
A12: 2023 | B12: 2841.5998
A13: 2024 | B13: 6817.412
... A15: Grand Total | B15: 2873.9495

Sheet Pivot_Global_Chocolate_Price
A1: Row Labels | B1: Average of TradeValue_in_1000_USD
A2: 2013 | B2: 49863.692
A3: 2014 | B3: 50805.28
A4: 2015 | B4: 40407.231
A5: 2016 | B5: 41277.383
A6: 2017 | B6: 43861.574
A7: 2018 | B7: 46180.87
A8: 2019 | B8: 48757.197
A9: 2020 | B9: 51450.346
A10: 2021 | B10: 55668.495
A11: 2022 | B11: 59525.415
A12: 2023 | B12: 71552.28
A13: 2024 | B13: 112082.46
A14: Grand Total | B14: 54378.081

Sheet Pivot_Chocolate_Producer_Price
A1: Row Labels | B1: Average of PCU3113513113514
A2: 2011 | B2: 100
A3: 2012 | B3: 100
A4: 2013 | B4: 100
A5: 2014 | B5: 102.75833
A6: 2015 | B6: 107.525
A7: 2016 | B7: 105.9
A8: 2017 | B8: 103.325
A9: 2018 | B9: 103.73333
A10: 2019 | B10: 105.59167
A11: 2020 | B11: 107.39167
A12: 2021 | B12: 117.96317
A13: 2022 | B13: 123.13967
... A17: Grand Total | B17: 112.92883

Sheet Pivot_ComTrade
A1: cmdCode | B1: 180632
A3: Row Labels | B3: Sum of primaryValue | C3: Sum of netWgt
A4: 2016 | B4: 5056584.4 | C4: 635873.94
A5: 1 | B5: 369324.1 | C5: 35819.48
A6: 2 | B6: 309226.41 | C6: 32432.19
A7: 3 | B7: 491508.12 | C7: 55623.96
A8: 4 | B8: 338455.55 | C8: 45396.27
A9: 5 | B9: 510499.9 | C9: 54651.22
A10: 6 | B10: 519692.59 | C10: 52378.52
A11: 7 | B11: 278978.4 | C11: 36384.12
A12: 8 | B12: 360747.73 | C12: 62059.56
A13: 9 | B13: 326355.06 | C13: 42964.09
A14: 10 | B14: 635123.37 | C14: 87331.55
A15: 11 | B15: 580691.73 | C15: 66369.36
... A107: 12 | B107: 323255.5 | C107: 42847.1
A108: Grand Total | B108: 35318997 | C108: 4682041.8

Sheet Pivot_Chocolate_Exports
A1: ReporterISO3 | B1: (All)
A3: Row Labels | B3: Sum of TradeValue_in_1000_USD
A4: 180631 | B4: 70699565
A5: 2013 | B5: 5106212.8
A6: 2014 | B6: 5420678.1
A7: 2015 | B7: 4780569.8
A8: 2016 | B8: 4861932.8
A9: 2017 | B9: 5167420.7
A10: 2018 | B10: 5446620.8
A11: 2019 | B11: 5259863.1
A12: 2020 | B12: 5286025.2
A13: 2021 | B13: 6189241.2
A14: 2022 | B14: 6694108.2
A15: 2023 | B15: 7990179.1
... A29: 2024 | B29: 8988150.9
A30: Grand Total | B30: 1.4437381e+08

Sheet Raw_TRM_Cop_Usd
A1: Periodo(MMM DD, AAAA) | B1: Tasa Representativa del Mercado (TRM)
A2: 33569 | B2: 693.32
A3: 33570 | B3: 693.99
A4: 33571 | B4: 694.7
A5: 33572 | B5: 694.7
A6: 33573 | B6: 643.42
A7: 33574 | B7: 643.42
A8: 33575 | B8: 639.22
A9: 33576 | B9: 635.7
A10: 33577 | B10: 631.51
A11: 33578 | B11: 627.16
A12: 33579 | B12: 638.06
A13: 33580 | B13: 638.06
... A12286: 45853 | B12286: 4011.79

Sheet Cleaned_TRM_Cop_Usd
A1: date | B1: month_ref | C1: trm
A2: 33569 | B2: =DATE(YEAR(A2), MONTH(A2), 1) -> 33543 | C2: 693.32
A3: 33570 | B3: =DATE(YEAR(A3), MONTH(A3), 1) -> 33543 | C3: 693.99
A4: 33571 | B4: =DATE(YEAR(A4), MONTH(A4), 1) -> 33543 | C4: 694.7
A5: 33572 | B5: =DATE(YEAR(A5), MONTH(A5), 1) -> 33543 | C5: 694.7
A6: 33573 | B6: =DATE(YEAR(A6), MONTH(A6), 1) -> 33573 | C6: 643.42
A7: 33574 | B7: =DATE(YEAR(A7), MONTH(A7), 1) -> 33573 | C7: 643.42
A8: 33575 | B8: =DATE(YEAR(A8), MONTH(A8), 1) -> 33573 | C8: 639.22
A9: 33576 | B9: =DATE(YEAR(A9), MONTH(A9), 1) -> 33573 | C9: 635.7
A10: 33577 | B10: =DATE(YEAR(A10), MONTH(A10), 1) -> 33573 | C10: 631.51
A11: 33578 | B11: =DATE(YEAR(A11), MONTH(A11), 1) -> 33573 | C11: 627.16
A12: 33579 | B12: =DATE(YEAR(A12), MONTH(A12), 1) -> 33573 | C12: 638.06
A13: 33580 | B13: =DATE(YEAR(A13), MONTH(A13), 1) -> 33573 | C13: 638.06
... A12286: 45853 | B12286: =DATE(YEAR(A12286), MONTH(A12286), 1) -> 45839 | C12286: 4011.79

Sheet Monthly_TRM_Cop_Usd
A1: date | B1: trm_average_month
A2: 33543 | B2: =AVERAGEIF(Cleaned_TRM_Cop_Usd!B:B,A2,Cleaned_TRM_Cop_Usd!C:C) -> 694.1775
A3: 33573 | B3: =AVERAGEIF(Cleaned_TRM_Cop_Usd!B:B,A3,Cleaned_TRM_Cop_Usd!C:C) -> 630.41258
A4: 33604 | B4: =AVERAGEIF(Cleaned_TRM_Cop_Usd!B:B,A4,Cleaned_TRM_Cop_Usd!C:C) -> 644.05806
A5: 33635 | B5: =AVERAGEIF(Cleaned_TRM_Cop_Usd!B:B,A5,Cleaned_TRM_Cop_Usd!C:C) -> 635.67172
A6: 33664 | B6: =AVERAGEIF(Cleaned_TRM_Cop_Usd!B:B,A6,Cleaned_TRM_Cop_Usd!C:C) -> 640.50194
A7: 33695 | B7: =AVERAGEIF(Cleaned_TRM_Cop_Usd!B:B,A7,Cleaned_TRM_Cop_Usd!C:C) -> 649.955
A8: 33725 | B8: =AVERAGEIF(Cleaned_TRM_Cop_Usd!B:B,A8,Cleaned_TRM_Cop_Usd!C:C) -> 659.77129
A9: 33756 | B9: =AVERAGEIF(Cleaned_TRM_Cop_Usd!B:B,A9,Cleaned_TRM_Cop_Usd!C:C) -> 677.16533
A10: 33786 | B10: =AVERAGEIF(Cleaned_TRM_Cop_Usd!B:B,A10,Cleaned_TRM_Cop_Usd!C:C) -> 704.77226
A11: 33817 | B11: =AVERAGEIF(Cleaned_TRM_Cop_Usd!B:B,A11,Cleaned_TRM_Cop_Usd!C:C) -> 694.17452
A12: 33848 | B12: =AVERAGEIF(Cleaned_TRM_Cop_Usd!B:B,A12,Cleaned_TRM_Cop_Usd!C:C) -> 697.50333
A13: 33878 | B13: =AVERAGEIF(Cleaned_TRM_Cop_Usd!B:B,A13,Cleaned_TRM_Cop_Usd!C:C) -> 707.80484
... A406: 45839 | B406: =AVERAGEIF(Cleaned_TRM_Cop_Usd!B:B,A406,Cleaned_TRM_Cop_Usd!C:C) -> 4010.7213

Sheet Raw_Colombian_Cacao
B5: Precio Compra Cacao Nacional ($/Kg)
B6: 41456 | C6: 1 al 7 | D6: 3762.5
C7: 8 al 14 | D7: 3797.5
C8: 15 al 21 | D8: 3737.5
C9: 22 al 28 | D9: 3797.5
B10: 41487 | C10: 29 al 4 | D10: 3937.5
C11: 5 al 11 | D11: 3897.5
C12: 12 al 18 | D12: 4012.5
C13: 19 al 25 | D13: 4137.5
C14: 26 al 1 | D14: 4217.5
B15: 41518 | C15: 2 al 8 | D15: 4287.5
C16: 9 al 15 | D16: 4287.5
C17: 16 al 22 | D17: 4462.5
C18: 23 al 29 | D18: 4477.5
B19: 41548 | C19: 30 al 6 | D19: 4437.5
C20: 7 al 13 | D20: 4487.5
C21: 14 al 20 | D21: 4637.5
C22: 21 al 27 | D22: 4687.5
C23: 28 al 3 | D23: 4687.5
B24: 41579 | C24: 4 al 10 | D24: 4675
C25: 11 al 17 | D25: 4712.5
C26: 18 al 24 | D26: 4712.5
C27: 25 al 30 | D27: 4837.5
B28: 41609 | C28: 2 al 8 | D28: 4887.5
C29: 9 al 15 | D29: 4887.5
C30: 16 al 22 | D30: 4887.5
C31: 23 al 29 | D31: 4887.5
B32: 41640 | C32: 30 al 5 | D32: 4887.5
C33: 6 al 12 | D33: 4887.5
C34: 13 al 19 | D34: 4687.5
C35: 20 al 26 | D35: 4737.5
B36: 41671 | C36: 27 al 2 | D36: 4737.5
C37: 3 al 9 | D37: 4937.5
C38: 10 al 16 | D38: 5087.5
C39: 17 al22 | D39: 5087.5
C40: 23 al 28 | D40: 5300
B41: 41699 | C41: 3 al 9 | D41: 5325
C42: 10 al 16 | D42: 5375
C43: 17 al 23 | D43: 5375
C44: 24 al 30 | D44: 5475
B45: 41730 | C45: 31 al 6 | D45: 5475
C46: 7 al 13 | D46: 5425
C47: 14 al 20 | D47: 5425
C48: 21 al 27 | D48: 5425
B49: 41760 | C49: 28 al 4 | D49: 5425
C50: 5 al 11 | D50: 5425
C51: 12 al 18 | D51: 5325
C52: 19 al 25 | D52: 5200
C53: 26 al 1 | D53: 5100
B54: 41791 | C54: 2 al 8 | D54: 5100
C55: 9 al 15 | D55: 5262.5
C56: 16 al 22 | D56: 5262.5
C57: 23 al 29 | D57: 5262.5
B58: 41821 | C58: 31 al 6 | D58: 5212.5
C59: 7 al 13 | D59: 5212.5
C60: 14 al 20 | D60: 5212.5
C61: 21 al 27 | D61: 5212.5
B62: 41852 | C62: 28 al 3 | D62: 5212.5
C63: 4 al 10 | D63: 5225
C64: 11 al 17 | D64: 5325
C65: 18 al 24 | D65: 5362.5
C66: 25 al 31 | D66: 5362.5
B67: 41883 | C67: 1 al 7 | D67: 5462.5
C68: 8 al 14 | D68: 5462.5
C69: 15 al 21 | D69: 5365
C70: 22 al 28 | D70: 5475
B71: 41913 | C71: 29 al 5 | D71: 5632.5
C72: 6 al 12 | D72: 5632.5
C73: 13 al 19 | D73: 5632.5
C74: 20 al 26 | D74: 5682.5
C75: 27 al 2 | D75: 5737.5
B76: 41944 | C76: 3 al 9 | D76: 5687.5
C77: 10 al 16 | D77: 5387.5
C78: 17 al 22 | D78: 5477.5
C79: 23 al 30 | D79: 5502.5
B80: 41974 | C80: 1 al 7 | D80: 5652.5
C81: 8 al 14 | D81: 5800
C82: 15 al 21 | D82: 6032.5
C83: 22 al 29 | D83: 6242.5
B84: 42005 | C84: 5 al 11 | D84: 6242.5
C85: 12 al 18 | D85: 6242.5
C86: 19 al 25 | D86: 6405
C87: 26 al 31 | D87: 5932.5
B88: 42036 | C88: 1 al 7 | D88: 5762.5
C89: 8 al 14 | D89: 5762.5
C90: 15 al 21 | D90: 5867.5
C91: 22 al 28 | D91: 6082.5
B92: 42064 | C92: 1 al 7 | D92: 6082.5
C93: 8 al 14 | D93: 6312.5
C94: 15 al 21 | D94: 6312.5
C95: 22 al 28 | D95: 6168
B96: 42095 | C96: 30 al 5 | D96: 6168
C97: 6 al 12 | D97: 6040
C98: 13 al 19 | D98: 6040
C99: 20 al 26 | D99: 6040
B100: 42125 | C100: 27 al 3 | D100: 6012.5
C101: 4 al 10 | D101: 5980
C102: 11 al 17 | D102: 5980
C103: 18 al 24 | D103: 6062.5
C104: 25 al 31 | D104: 6295
...

Sheet Raw_Pipeline_Colombian_Cacao
A1: date | B1: week | C1: price_cop_per_kg | D1: Change "," | E1: Remove first . | F1: Clean | G1: price_cop_per_kg | H1: isnumber | I1: len
A2: 41456 | B2: 1 al 7 | C2: 3762.5 | D2: =SUBSTITUTE(C2, ",", ".") -> 3762.5 | E2: =IF(LEN(D2)-LEN(SUBSTITUTE(D2,".",""))>=2, SUBSTITUTE(D2,".","",1), D2) -> 3762.5 | F2: =TRIM(CLEAN( SUBSTITUTE( SUBSTITUTE( SUBSTITUTE( SUBSTITUTE(E2, CHAR(160), ""), _xlfn.UNICHAR(8203), "" ), "/kg", "" ), "$", "" ) )) -> 3762.5 | G2: =VALUE(F2) -> 3762.5 | H2: =ISNUMBER(G2) -> TRUE | I2: =LEN(G2) -> 6
A3: 41456 | B3: 8 al 14 | C3: 3797.5 | D3: =SUBSTITUTE(C3, ",", ".") -> 3797.5 | E3: =IF(LEN(D3)-LEN(SUBSTITUTE(D3,".",""))>=2, SUBSTITUTE(D3,".","",1), D3) -> 3797.5 | F3: =TRIM(CLEAN( SUBSTITUTE( SUBSTITUTE( SUBSTITUTE( SUBSTITUTE(E3, CHAR(160), ""), _xlfn.UNICHAR(8203), "" ), "/kg", "" ), "$", "" ) )) -> 3797.5 | G3: =VALUE(F3) -> 3797.5 | H3: =ISNUMBER(G3) -> TRUE | I3: =LEN(G3) -> 6
A4: 41456 | B4: 15 al 21 | C4: 3737.5 | D4: =SUBSTITUTE(C4, ",", ".") -> 3737.5 | E4: =IF(LEN(D4)-LEN(SUBSTITUTE(D4,".",""))>=2, SUBSTITUTE(D4,".","",1), D4) -> 3737.5 | F4: =TRIM(CLEAN( SUBSTITUTE( SUBSTITUTE( SUBSTITUTE( SUBSTITUTE(E4, CHAR(160), ""), _xlfn.UNICHAR(8203), "" ), "/kg", "" ), "$", "" ) )) -> 3737.5 | G4: =VALUE(F4) -> 3737.5 | H4: =ISNUMBER(G4) -> TRUE | I4: =LEN(G4) -> 6
A5: 41456 | B5: 22 al 28 | C5: 3797.5 | D5: =SUBSTITUTE(C5, ",", ".") -> 3797.5 | E5: =IF(LEN(D5)-LEN(SUBSTITUTE(D5,".",""))>=2, SUBSTITUTE(D5,".","",1), D5) -> 3797.5 | F5: =TRIM(CLEAN( SUBSTITUTE( SUBSTITUTE( SUBSTITUTE( SUBSTITUTE(E5, CHAR(160), ""), _xlfn.UNICHAR(8203), "" ), "/kg", "" ), "$", "" ) )) -> 3797.5 | G5: =VALUE(F5) -> 3797.5 | H5: =ISNUMBER(G5) -> TRUE | I5: =LEN(G5) -> 6
A6: 41487 | B6: 29 al 4 | C6: 3937.5 | D6: =SUBSTITUTE(C6, ",", ".") -> 3937.5 | E6: =IF(LEN(D6)-LEN(SUBSTITUTE(D6,".",""))>=2, SUBSTITUTE(D6,".","",1), D6) -> 3937.5 | F6: =TRIM(CLEAN( SUBSTITUTE( SUBSTITUTE( SUBSTITUTE( SUBSTITUTE(E6, CHAR(160), ""), _xlfn.UNICHAR(8203), "" ), "/kg", "" ), "$", "" ) )) -> 3937.5 | G6: =VALUE(F6) -> 3937.5 | H6: =ISNUMBER(G6) -> TRUE | I6: =LEN(G6) -> 6
A7: 41487 | B7: 5 al 11 | C7: 3897.5 | D7: =SUBSTITUTE(C7, ",", ".") -> 3897.5 | E7: =IF(LEN(D7)-LEN(SUBSTITUTE(D7,".",""))>=2, SUBSTITUTE(D7,".","",1), D7) -> 3897.5 | F7: =TRIM(CLEAN( SUBSTITUTE( SUBSTITUTE( SUBSTITUTE( SUBSTITUTE(E7, CHAR(160), ""), _xlfn.UNICHAR(8203), "" ), "/kg", "" ), "$", "" ) )) -> 3897.5 | G7: =VALUE(F7) -> 3897.5 | H7: =ISNUMBER(G7) -> TRUE | I7: =LEN(G7) -> 6
A8: 41487 | B8: 12 al 18 | C8: 4012.5 | D8: =SUBSTITUTE(C8, ",", ".") -> 4012.5 | E8: =IF(LEN(D8)-LEN(SUBSTITUTE(D8,".",""))>=2, SUBSTITUTE(D8,".","",1), D8) -> 4012.5 | F8: =TRIM(CLEAN( SUBSTITUTE( SUBSTITUTE( SUBSTITUTE( SUBSTITUTE(E8, CHAR(160), ""), _xlfn.UNICHAR(8203), "" ), "/kg", "" ), "$", "" ) )) -> 4012.5 | G8: =VALUE(F8) -> 4012.5 | H8: =ISNUMBER(G8) -> TRUE | I8: =LEN(G8) -> 6
A9: 41487 | B9: 19 al 25 | C9: 4137.5 | D9: =SUBSTITUTE(C9, ",", ".") -> 4137.5 | E9: =IF(LEN(D9)-LEN(SUBSTITUTE(D9,".",""))>=2, SUBSTITUTE(D9,".","",1), D9) -> 4137.5 | F9: =TRIM(CLEAN( SUBSTITUTE( SUBSTITUTE( SUBSTITUTE( SUBSTITUTE(E9, CHAR(160), ""), _xlfn.UNICHAR(8203), "" ), "/kg", "" ), "$", "" ) )) -> 4137.5 | G9: =VALUE(F9) -> 4137.5 | H9: =ISNUMBER(G9) -> TRUE | I9: =LEN(G9) -> 6
A10: 41487 | B10: 26 al 1 | C10: 4217.5 | D10: =SUBSTITUTE(C10, ",", ".") -> 4217.5 | E10: =IF(LEN(D10)-LEN(SUBSTITUTE(D10,".",""))>=2, SUBSTITUTE(D10,".","",1), D10) -> 4217.5 | F10: =TRIM(CLEAN( SUBSTITUTE( SUBSTITUTE( SUBSTITUTE( SUBSTITUTE(E10, CHAR(160), ""), _xlfn.UNICHAR(8203), "" ), "/kg", "" ), "$", "" ) )) -> 4217.5 | G10: =VALUE(F10) -> 4217.5 | H10: =ISNUMBER(G10) -> TRUE | I10: =LEN(G10) -> 6
A11: 41518 | B11: 2 al 8 | C11: 4287.5 | D11: =SUBSTITUTE(C11, ",", ".") -> 4287.5 | E11: =IF(LEN(D11)-LEN(SUBSTITUTE(D11,".",""))>=2, SUBSTITUTE(D11,".","",1), D11) -> 4287.5 | F11: =TRIM(CLEAN( SUBSTITUTE( SUBSTITUTE( SUBSTITUTE( SUBSTITUTE(E11, CHAR(160), ""), _xlfn.UNICHAR(8203), "" ), "/kg", "" ), "$", "" ) )) -> 4287.5 | G11: =VALUE(F11) -> 4287.5 | H11: =ISNUMBER(G11) -> TRUE | I11: =LEN(G11) -> 6
A12: 41518 | B12: 9 al 15 | C12: 4287.5 | D12: =SUBSTITUTE(C12, ",", ".") -> 4287.5 | E12: =IF(LEN(D12)-LEN(SUBSTITUTE(D12,".",""))>=2, SUBSTITUTE(D12,".","",1), D12) -> 4287.5 | F12: =TRIM(CLEAN( SUBSTITUTE( SUBSTITUTE( SUBSTITUTE( SUBSTITUTE(E12, CHAR(160), ""), _xlfn.UNICHAR(8203), "" ), "/kg", "" ), "$", "" ) )) -> 4287.5 | G12: =VALUE(F12) -> 4287.5 | H12: =ISNUMBER(G12) -> TRUE | I12: =LEN(G12) -> 6
A13: 41518 | B13: 16 al 22 | C13: 4462.5 | D13: =SUBSTITUTE(C13, ",", ".") -> 4462.5 | E13: =IF(LEN(D13)-LEN(SUBSTITUTE(D13,".",""))>=2, SUBSTITUTE(D13,".","",1), D13) -> 4462.5 | F13: =TRIM(CLEAN( SUBSTITUTE( SUBSTITUTE( SUBSTITUTE( SUBSTITUTE(E13, CHAR(160), ""), _xlfn.UNICHAR(8203), "" ), "/kg", "" ), "$", "" ) )) -> 4462.5 | G13: =VALUE(F13) -> 4462.5 | H13: =ISNUMBER(G13) -> TRUE | I13: =LEN(G13) -> 6
... A268: 43313 | B268: 13 al 19 | C268: 5350 | D268: =SUBSTITUTE(C268, ",", ".") -> 5350 | E268: =IF(LEN(D268)-LEN(SUBSTITUTE(D268,".",""))>=2, SUBSTITUTE(D268,".","",1), D268) -> 5350 | F268: =TRIM(CLEAN( SUBSTITUTE( SUBSTITUTE( SUBSTITUTE( SUBSTITUTE(E268, CHAR(160), ""), _xlfn.UNICHAR(8203), "" ), "/kg", "" ), "$", "" ) )) -> 5350 | G268: =VALUE(F268) -> 5350 | H268: =ISNUMBER(G268) -> TRUE | I268: =LEN(G268) -> 4
A269: 43313 | B269: 20 al 26 | C269: 5.506,70​​​ | D269: =SUBSTITUTE(C269, ",", ".") -> 5.506.70​​​ | E269: =IF(LEN(D269)-LEN(SUBSTITUTE(D269,".",""))>=2, SUBSTITUTE(D269,".","",1), D269) -> 5506.70​​​ | F269: =TRIM(CLEAN( SUBSTITUTE( SUBSTITUTE( SUBSTITUTE( SUBSTITUTE(E269, CHAR(160), ""), _xlfn.UNICHAR(8203), "" ), "/kg", "" ), "$", "" ) )) -> 5506.70 | G269: =VALUE(F269) -> 5506.7 | H269: =ISNUMBER(G269) -> TRUE | I269: =LEN(G269) -> 6
A270: 43313 | B270: 27 al 02 | C270: 5763.3 | D270: =SUBSTITUTE(C270, ",", ".") -> 5763.3 | E270: =IF(LEN(D270)-LEN(SUBSTITUTE(D270,".",""))>=2, SUBSTITUTE(D270,".","",1), D270) -> 5763.3 | F270: =TRIM(CLEAN( SUBSTITUTE( SUBSTITUTE( SUBSTITUTE( SUBSTITUTE(E270, CHAR(160), ""), _xlfn.UNICHAR(8203), "" ), "/kg", "" ), "$", "" ) )) -> 5763.3 | G270: =VALUE(F270) -> 5763.3 | H270: =ISNUMBER(G270) -> TRUE | I270: =LEN(G270) -> 6
A271: 43344 | B271: 03 al 09 | C271: 5948.3 | D271: =SUBSTITUTE(C271, ",", ".") -> 5948.3 | E271: =IF(LEN(D271)-LEN(SUBSTITUTE(D271,".",""))>=2, SUBSTITUTE(D271,".","",1), D271) -> 5948.3 | F271: =TRIM(CLEAN( SUBSTITUTE( SUBSTITUTE( SUBSTITUTE( SUBSTITUTE(E271, CHAR(160), ""), _xlfn.UNICHAR(8203), "" ), "/kg", "" ), "$", "" ) )) -> 5948.3 | G271: =VALUE(F271) -> 5948.3 | H271: =ISNUMBER(G271) -> TRUE | I271: =LEN(G271) -> 6
A272: 43344 | B272: 10 al 16 | C272: 6033.3 | D272: =SUBSTITUTE(C272, ",", ".") -> 6033.3 | E272: =IF(LEN(D272)-LEN(SUBSTITUTE(D272,".",""))>=2, SUBSTITUTE(D272,".","",1), D272) -> 6033.3 | F272: =TRIM(CLEAN( SUBSTITUTE( SUBSTITUTE( SUBSTITUTE( SUBSTITUTE(E272, CHAR(160), ""), _xlfn.UNICHAR(8203), "" ), "/kg", "" ), "$", "" ) )) -> 6033.3 | G272: =VALUE(F272) -> 6033.3 | H272: =ISNUMBER(G272) -> TRUE | I272: =LEN(G272) -> 6
A273: 43344 | B273: 17 al 23 | C273: 6033.3 | D273: =SUBSTITUTE(C273, ",", ".") -> 6033.3 | E273: =IF(LEN(D273)-LEN(SUBSTITUTE(D273,".",""))>=2, SUBSTITUTE(D273,".","",1), D273) -> 6033.3 | F273: =TRIM(CLEAN( SUBSTITUTE( SUBSTITUTE( SUBSTITUTE( SUBSTITUTE(E273, CHAR(160), ""), _xlfn.UNICHAR(8203), "" ), "/kg", "" ), "$", "" ) )) -> 6033.3 | G273: =VALUE(F273) -> 6033.3 | H273: =ISNUMBER(G273) -> TRUE | I273: =LEN(G273) -> 6
A274: 43344 | B274: 24 al 30 | C274: 5998.3 | D274: =SUBSTITUTE(C274, ",", ".") -> 5998.3 | E274: =IF(LEN(D274)-LEN(SUBSTITUTE(D274,".",""))>=2, SUBSTITUTE(D274,".","",1), D274) -> 5998.3 | F274: =TRIM(CLEAN( SUBSTITUTE( SUBSTITUTE( SUBSTITUTE( SUBSTITUTE(E274, CHAR(160), ""), _xlfn.UNICHAR(8203), "" ), "/kg", "" ), "$", "" ) )) -> 5998.3 | G274: =VALUE(F274) -> 5998.3 | H274: =ISNUMBER(G274) -> TRUE | I274: =LEN(G274) -> 6
A275: 43374 | B275: 1 al 7 | C275: 5730 | D275: =SUBSTITUTE(C275, ",", ".") -> 5730 | E275: =IF(LEN(D275)-LEN(SUBSTITUTE(D275,".",""))>=2, SUBSTITUTE(D275,".","",1), D275) -> 5730 | F275: =TRIM(CLEAN( SUBSTITUTE( SUBSTITUTE( SUBSTITUTE( SUBSTITUTE(E275, CHAR(160), ""), _xlfn.UNICHAR(8203), "" ), "/kg", "" ), "$", "" ) )) -> 5730 | G275: =VALUE(F275) -> 5730 | H275: =ISNUMBER(G275) -> TRUE | I275: =LEN(G275) -> 4
A276: 43374 | B276: 8 al 14 | C276: 5380 | D276: =SUBSTITUTE(C276, ",", ".") -> 5380 | E276: =IF(LEN(D276)-LEN(SUBSTITUTE(D276,".",""))>=2, SUBSTITUTE(D276,".","",1), D276) -> 5380 | F276: =TRIM(CLEAN( SUBSTITUTE( SUBSTITUTE( SUBSTITUTE( SUBSTITUTE(E276, CHAR(160), ""), _xlfn.UNICHAR(8203), "" ), "/kg", "" ), "$", "" ) )) -> 5380 | G276: =VALUE(F276) -> 5380 | H276: =ISNUMBER(G276) -> TRUE | I276: =LEN(G276) -> 4
A277: 43374 | B277: 15 al 21 | C277: 5505 | D277: =SUBSTITUTE(C277, ",", ".") -> 5505 | E277: =IF(LEN(D277)-LEN(SUBSTITUTE(D277,".",""))>=2, SUBSTITUTE(D277,".","",1), D277) -> 5505 | F277: =TRIM(CLEAN( SUBSTITUTE( SUBSTITUTE( SUBSTITUTE( SUBSTITUTE(E277, CHAR(160), ""), _xlfn.UNICHAR(8203), "" ), "/kg", "" ), "$", "" ) )) -> 5505 | G277: =VALUE(F277) -> 5505 | H277: =ISNUMBER(G277) -> TRUE | I277: =LEN(G277) -> 4
A278: 43374 | B278: 22 al 28 | C278: 5883.3 | D278: =SUBSTITUTE(C278, ",", ".") -> 5883.3 | E278: =IF(LEN(D278)-LEN(SUBSTITUTE(D278,".",""))>=2, SUBSTITUTE(D278,".","",1), D278) -> 5883.3 | F278: =TRIM(CLEAN( SUBSTITUTE( SUBSTITUTE( SUBSTITUTE( SUBSTITUTE(E278, CHAR(160), ""), _xlfn.UNICHAR(8203), "" ), "/kg", "" ), "$", "" ) )) -> 5883.3 | G278: =VALUE(F278) -> 5883.3 | H278: =ISNUMBER(G278) -> TRUE | I278: =LEN(G278) -> 6
A279: 43374 | B279: 29 al 04 | C279: 5921.7 | D279: =SUBSTITUTE(C279, ",", ".") -> 5921.7 | E279: =IF(LEN(D279)-LEN(SUBSTITUTE(D279,".",""))>=2, SUBSTITUTE(D279,".","",1), D279) -> 5921.7 | F279: =TRIM(CLEAN( SUBSTITUTE( SUBSTITUTE( SUBSTITUTE( SUBSTITUTE(E279, CHAR(160), ""), _xlfn.UNICHAR(8203), "" ), "/kg", "" ), "$", "" ) )) -> 5921.7 | G279: =VALUE(F279) -> 5921.7 | H279: =ISNUMBER(G279) -> TRUE | I279: =LEN(G279) -> 6
A280: 43405 | B280: 5 al 11 | C280: 6220 | D280: =SUBSTITUTE(C280, ",", ".") -> 6220 | E280: =IF(LEN(D280)-LEN(SUBSTITUTE(D280,".",""))>=2, SUBSTITUTE(D280,".","",1), D280) -> 6220 | F280: =TRIM(CLEAN( SUBSTITUTE( SUBSTITUTE( SUBSTITUTE( SUBSTITUTE(E280, CHAR(160), ""), _xlfn.UNICHAR(8203), "" ), "/kg", "" ), "$", "" ) )) -> 6220 | G280: =VALUE(F280) -> 6220 | H280: =ISNUMBER(G280) -> TRUE | I280: =LEN(G280) -> 4
A281: 43405 | B281: 12 al 18 | C281: 6333.3 | D281: =SUBSTITUTE(C281, ",", ".") -> 6333.3 | E281: =IF(LEN(D281)-LEN(SUBSTITUTE(D281,".",""))>=2, SUBSTITUTE(D281,".","",1), D281) -> 6333.3 | F281: =TRIM(CLEAN( SUBSTITUTE( SUBSTITUTE( SUBSTITUTE( SUBSTITUTE(E281, CHAR(160), ""), _xlfn.UNICHAR(8203), "" ), "/kg", "" ), "$", "" ) )) -> 6333.3 | G281: =VALUE(F281) -> 6333.3 | H281: =ISNUMBER(G281) -> TRUE | I281: =LEN(G281) -> 6
... A299: 43525 | B299: 18 al 24 | C299: 5976.2 | D299: =SUBSTITUTE(C299, ",", ".") -> 5976.2 | E299: =IF(LEN(D299)-LEN(SUBSTITUTE(D299,".",""))>=2, SUBSTITUTE(D299,".","",1), D299) -> 5976.2 | F299: =TRIM(CLEAN( SUBSTITUTE( SUBSTITUTE( SUBSTITUTE( SUBSTITUTE(E299, CHAR(160), ""), _xlfn.UNICHAR(8203), "" ), "/kg", "" ), "$", "" ) )) -> 5976.2 | G299: =VALUE(F299) -> 5976.2 | H299: =ISNUMBER(G299) -> TRUE | I299: =LEN(G299) -> 6
A300: 43525 | B300: 25 al 31 | C300: 5.778,7​​​​0​​​​ | D300: =SUBSTITUTE(C300, ",", ".") -> 5.778.7​​​​0​​​​ | E300: =IF(LEN(D300)-LEN(SUBSTITUTE(D300,".",""))>=2, SUBSTITUTE(D300,".","",1), D300) -> 5778.7​​​​0​​​​ | F300: =TRIM(CLEAN( SUBSTITUTE( SUBSTITUTE( SUBSTITUTE( SUBSTITUTE(E300, CHAR(160), ""), _xlfn.UNICHAR(8203), "" ), "/kg", "" ), "$", "" ) )) -> 5778.70 | G300: =VALUE(F300) -> 5778.7 | H300: =ISNUMBER(G300) -> TRUE | I300: =LEN(G300) -> 6
A301: 43556 | B301: 01 al 07 | C301: 5916 | D301: =SUBSTITUTE(C301, ",", ".") -> 5916 | E301: =IF(LEN(D301)-LEN(SUBSTITUTE(D301,".",""))>=2, SUBSTITUTE(D301,".","",1), D301) -> 5916 | F301: =TRIM(CLEAN( SUBSTITUTE( SUBSTITUTE( SUBSTITUTE( SUBSTITUTE(E301, CHAR(160), ""), _xlfn.UNICHAR(8203), "" ), "/kg", "" ), "$", "" ) )) -> 5916 | G301: =VALUE(F301) -> 5916 | H301: =ISNUMBER(G301) -> TRUE | I301: =LEN(G301) -> 4
A302: 43556 | B302: 08 al 14 | C302: 6205.7 | D302: =SUBSTITUTE(C302, ",", ".") -> 6205.7 | E302: =IF(LEN(D302)-LEN(SUBSTITUTE(D302,".",""))>=2, SUBSTITUTE(D302,".","",1), D302) -> 6205.7 | F302: =TRIM(CLEAN( SUBSTITUTE( SUBSTITUTE( SUBSTITUTE( SUBSTITUTE(E302, CHAR(160), ""), _xlfn.UNICHAR(8203), "" ), "/kg", "" ), "$", "" ) )) -> 6205.7 | G302: =VALUE(F302) -> 6205.7 | H302: =ISNUMBER(G302) -> TRUE | I302: =LEN(G302) -> 6
A303: 43556 | B303: 15 al 21 | C303: 6303.8 | D303: =SUBSTITUTE(C303, ",", ".") -> 6303.8 | E303: =IF(LEN(D303)-LEN(SUBSTITUTE(D303,".",""))>=2, SUBSTITUTE(D303,".","",1), D303) -> 6303.8 | F303: =TRIM(CLEAN( SUBSTITUTE( SUBSTITUTE( SUBSTITUTE( SUBSTITUTE(E303, CHAR(160), ""), _xlfn.UNICHAR(8203), "" ), "/kg", "" ), "$", "" ) )) -> 6303.8 | G303: =VALUE(F303) -> 6303.8 | H303: =ISNUMBER(G303) -> TRUE | I303: =LEN(G303) -> 6
A304: 43556 | B304: 22 al 28 | C304: 6361.8 | D304: =SUBSTITUTE(C304, ",", ".") -> 6361.8 | E304: =IF(LEN(D304)-LEN(SUBSTITUTE(D304,".",""))>=2, SUBSTITUTE(D304,".","",1), D304) -> 6361.8 | F304: =TRIM(CLEAN( SUBSTITUTE( SUBSTITUTE( SUBSTITUTE( SUBSTITUTE(E304, CHAR(160), ""), _xlfn.UNICHAR(8203), "" ), "/kg", "" ), "$", "" ) )) -> 6361.8 | G304: =VALUE(F304) -> 6361.8 | H304: =ISNUMBER(G304) -> TRUE | I304: =LEN(G304) -> 6
A305: 43586 | B305: 29 al 5 | C305: 6232 | D305: =SUBSTITUTE(C305, ",", ".") -> 6232 | E305: =IF(LEN(D305)-LEN(SUBSTITUTE(D305,".",""))>=2, SUBSTITUTE(D305,".","",1), D305) -> 6232 | F305: =TRIM(CLEAN( SUBSTITUTE( SUBSTITUTE( SUBSTITUTE( SUBSTITUTE(E305, CHAR(160), ""), _xlfn.UNICHAR(8203), "" ), "/kg", "" ), "$", "" ) )) -> 6232 | G305: =VALUE(F305) -> 6232 | H305: =ISNUMBER(G305) -> TRUE | I305: =LEN(G305) -> 4
A306: 43586 | B306: 6 al 12 | C306: 6453.5 | D306: =SUBSTITUTE(C306, ",", ".") -> 6453.5 | E306: =IF(LEN(D306)-LEN(SUBSTITUTE(D306,".",""))>=2, SUBSTITUTE(D306,".","",1), D306) -> 6453.5 | F306: =TRIM(CLEAN( SUBSTITUTE( SUBSTITUTE( SUBSTITUTE( SUBSTITUTE(E306, CHAR(160), ""), _xlfn.UNICHAR(8203), "" ), "/kg", "" ), "$", "" ) )) -> 6453.5 | G306: =VALUE(F306) -> 6453.5 | H306: =ISNUMBER(G306) -> TRUE | I306: =LEN(G306) -> 6
A307: 43586 | B307: 13 al 19 | C307: 6491.7 | D307: =SUBSTITUTE(C307, ",", ".") -> 6491.7 | E307: =IF(LEN(D307)-LEN(SUBSTITUTE(D307,".",""))>=2, SUBSTITUTE(D307,".","",1), D307) -> 6491.7 | F307: =TRIM(CLEAN( SUBSTITUTE( SUBSTITUTE( SUBSTITUTE( SUBSTITUTE(E307, CHAR(160), ""), _xlfn.UNICHAR(8203), "" ), "/kg", "" ), "$", "" ) )) -> 6491.7 | G307: =VALUE(F307) -> 6491.7 | H307: =ISNUMBER(G307) -> TRUE | I307: =LEN(G307) -> 6
A308: 43586 | B308: 20 al 26 | C308: 6.584,​​​​0​0​​​​ | D308: =SUBSTITUTE(C308, ",", ".") -> 6.584.​​​​0​0​​​​ | E308: =IF(LEN(D308)-LEN(SUBSTITUTE(D308,".",""))>=2, SUBSTITUTE(D308,".","",1), D308) -> 6584.​​​​0​0​​​​ | F308: =TRIM(CLEAN( SUBSTITUTE( SUBSTITUTE( SUBSTITUTE( SUBSTITUTE(E308, CHAR(160), ""), _xlfn.UNICHAR(8203), "" ), "/kg", "" ), "$", "" ) )) -> 6584.00 | G308: =VALUE(F308) -> 6584 | H308: =ISNUMBER(G308) -> TRUE | I308: =LEN(G308) -> 4
A309: 43617 | B309: 27 al 02 | C309: 6.918​,​​​​5​0 | D309: =SUBSTITUTE(C309, ",", ".") -> 6.918​.​​​​5​0 | E309: =IF(LEN(D309)-LEN(SUBSTITUTE(D309,".",""))>=2, SUBSTITUTE(D309,".","",1), D309) -> 6918​.​​​​5​0 | F309: =TRIM(CLEAN( SUBSTITUTE( SUBSTITUTE( SUBSTITUTE( SUBSTITUTE(E309, CHAR(160), ""), _xlfn.UNICHAR(8203), "" ), "/kg", "" ), "$", "" ) )) -> 6918.50 | G309: =VALUE(F309) -> 6918.5 | H309: =ISNUMBER(G309) -> TRUE | I309: =LEN(G309) -> 6
A310: 43617 | B310: 03 al 09 | C310: 6990 | D310: =SUBSTITUTE(C310, ",", ".") -> 6990 | E310: =IF(LEN(D310)-LEN(SUBSTITUTE(D310,".",""))>=2, SUBSTITUTE(D310,".","",1), D310) -> 6990 | F310: =TRIM(CLEAN( SUBSTITUTE( SUBSTITUTE( SUBSTITUTE( SUBSTITUTE(E310, CHAR(160), ""), _xlfn.UNICHAR(8203), "" ), "/kg", "" ), "$", "" ) )) -> 6990 | G310: =VALUE(F310) -> 6990 | H310: =ISNUMBER(G310) -> TRUE | I310: =LEN(G310) -> 4
A311: 43617 | B311: 10 al 16 | C311: 6880.5 | D311: =SUBSTITUTE(C311, ",", ".") -> 6880.5 | E311: =IF(LEN(D311)-LEN(SUBSTITUTE(D311,".",""))>=2, SUBSTITUTE(D311,".","",1), D311) -> 6880.5 | F311: =TRIM(CLEAN( SUBSTITUTE( SUBSTITUTE( SUBSTITUTE( SUBSTITUTE(E311, CHAR(160), ""), _xlfn.UNICHAR(8203), "" ), "/kg", "" ), "$", "" ) )) -> 6880.5 | G311: =VALUE(F311) -> 6880.5 | H311: =ISNUMBER(G311) -> TRUE | I311: =LEN(G311) -> 6
A312: 43617 | B312: 17 al 23 | C312: 7033.3 | D312: =SUBSTITUTE(C312, ",", ".") -> 7033.3 | E312: =IF(LEN(D312)-LEN(SUBSTITUTE(D312,".",""))>=2, SUBSTITUTE(D312,".","",1), D312) -> 7033.3 | F312: =TRIM(CLEAN( SUBSTITUTE( SUBSTITUTE( SUBSTITUTE( SUBSTITUTE(E312, CHAR(160), ""), _xlfn.UNICHAR(8203), "" ), "/kg", "" ), "$", "" ) )) -> 7033.3 | G312: =VALUE(F312) -> 7033.3 | H312: =ISNUMBER(G312) -> TRUE | I312: =LEN(G312) -> 6
A313: 43617 | B313: 24 al 30 | C313: 7024.3 | D313: =SUBSTITUTE(C313, ",", ".") -> 7024.3 | E313: =IF(LEN(D313)-LEN(SUBSTITUTE(D313,".",""))>=2, SUBSTITUTE(D313,".","",1), D313) -> 7024.3 | F313: =TRIM(CLEAN( SUBSTITUTE( SUBSTITUTE( SUBSTITUTE( SUBSTITUTE(E313, CHAR(160), ""), _xlfn.UNICHAR(8203), "" ), "/kg", "" ), "$", "" ) )) -> 7024.3 | G313: =VALUE(F313) -> 7024.3 | H313: =ISNUMBER(G313) -> TRUE | I313: =LEN(G313) -> 6
A314: 43647 | B314: 1 al 7 | C314: 6842.5 | D314: =SUBSTITUTE(C314, ",", ".") -> 6842.5 | E314: =IF(LEN(D314)-LEN(SUBSTITUTE(D314,".",""))>=2, SUBSTITUTE(D314,".","",1), D314) -> 6842.5 | F314: =TRIM(CLEAN( SUBSTITUTE( SUBSTITUTE( SUBSTITUTE( SUBSTITUTE(E314, CHAR(160), ""), _xlfn.UNICHAR(8203), "" ), "/kg", "" ), "$", "" ) )) -> 6842.5 | G314: =VALUE(F314) -> 6842.5 | H314: =ISNUMBER(G314) -> TRUE | I314: =LEN(G314) -> 6
A315: 43647 | B315: 8 al 14 | C315: 6758.7 | D315: =SUBSTITUTE(C315, ",", ".") -> 6758.7 | E315: =IF(LEN(D315)-LEN(SUBSTITUTE(D315,".",""))>=2, SUBSTITUTE(D315,".","",1), D315) -> 6758.7 | F315: =TRIM(CLEAN( SUBSTITUTE( SUBSTITUTE( SUBSTITUTE( SUBSTITUTE(E315, CHAR(160), ""), _xlfn.UNICHAR(8203), "" ), "/kg", "" ), "$", "" ) )) -> 6758.7 | G315: =VALUE(F315) -> 6758.7 | H315: =ISNUMBER(G315) -> TRUE | I315: =LEN(G315) -> 6
A316: 43647 | B316: 15 al 21 | C316: 6770.7 | D316: =SUBSTITUTE(C316, ",", ".") -> 6770.7 | E316: =IF(LEN(D316)-LEN(SUBSTITUTE(D316,".",""))>=2, SUBSTITUTE(D316,".","",1), D316) -> 6770.7 | F316: =TRIM(CLEAN( SUBSTITUTE( SUBSTITUTE( SUBSTITUTE( SUBSTITUTE(E316, CHAR(160), ""), _xlfn.UNICHAR(8203), "" ), "/kg", "" ), "$", "" ) )) -> 6770.7 | G316: =VALUE(F316) -> 6770.7 | H316: =ISNUMBER(G316) -> TRUE | I316: =LEN(G316) -> 6
A317: 43647 | B317: 22 al 28 | C317: 6695.2 | D317: =SUBSTITUTE(C317, ",", ".") -> 6695.2 | E317: =IF(LEN(D317)-LEN(SUBSTITUTE(D317,".",""))>=2, SUBSTITUTE(D317,".","",1), D317) -> 6695.2 | F317: =TRIM(CLEAN( SUBSTITUTE( SUBSTITUTE( SUBSTITUTE( SUBSTITUTE(E317, CHAR(160), ""), _xlfn.UNICHAR(8203), "" ), "/kg", "" ), "$", "" ) )) -> 6695.2 | G317: =VALUE(F317) -> 6695.2 | H317: =ISNUMBER(G317) -> TRUE | I317: =LEN(G317) -> 6
A318: 43678 | B318: 29 al 04 | C318: 6690 | D318: =SUBSTITUTE(C318, ",", ".") -> 6690 | E318: =IF(LEN(D318)-LEN(SUBSTITUTE(D318,".",""))>=2, SUBSTITUTE(D318,".","",1), D318) -> 6690 | F318: =TRIM(CLEAN( SUBSTITUTE( SUBSTITUTE( SUBSTITUTE( SUBSTITUTE(E318, CHAR(160), ""), _xlfn.UNICHAR(8203), "" ), "/kg", "" ), "$", "" ) )) -> 6690 | G318: =VALUE(F318) -> 6690 | H318: =ISNUMBER(G318) -> TRUE | I318: =LEN(G318) -> 4
A319: 43678 | B319: 05 al 11 | C319: 6691.7 | D319: =SUBSTITUTE(C319, ",", ".") -> 6691.7 | E319: =IF(LEN(D319)-LEN(SUBSTITUTE(D319,".",""))>=2, SUBSTITUTE(D319,".","",1), D319) -> 6691.7 | F319: =TRIM(CLEAN( SUBSTITUTE( SUBSTITUTE( SUBSTITUTE( SUBSTITUTE(E319, CHAR(160), ""), _xlfn.UNICHAR(8203), "" ), "/kg", "" ), "$", "" ) )) -> 6691.7 | G319: =VALUE(F319) -> 6691.7 | H319: =ISNUMBER(G319) -> TRUE | I319: =LEN(G319) -> 6
A320: 43678 | B320: 12 al 18 | C320: 6671.7 | D320: =SUBSTITUTE(C320, ",", ".") -> 6671.7 | E320: =IF(LEN(D320)-LEN(SUBSTITUTE(D320,".",""))>=2, SUBSTITUTE(D320,".","",1), D320) -> 6671.7 | F320: =TRIM(CLEAN( SUBSTITUTE( SUBSTITUTE( SUBSTITUTE( SUBSTITUTE(E320, CHAR(160), ""), _xlfn.UNICHAR(8203), "" ), "/kg", "" ), "$", "" ) )) -> 6671.7 | G320: =VALUE(F320) -> 6671.7 | H320: =ISNUMBER(G320) -> TRUE | I320: =LEN(G320) -> 6
A321: 43678 | B321: 19 al 25 | C321: 6493.5 | D321: =SUBSTITUTE(C321, ",", ".") -> 6493.5 | E321: =IF(LEN(D321)-LEN(SUBSTITUTE(D321,".",""))>=2, SUBSTITUTE(D321,".","",1), D321) -> 6493.5 | F321: =TRIM(CLEAN( SUBSTITUTE( SUBSTITUTE( SUBSTITUTE( SUBSTITUTE(E321, CHAR(160), ""), _xlfn.UNICHAR(8203), "" ), "/kg", "" ), "$", "" ) )) -> 6493.5 | G321: =VALUE(F321) -> 6493.5 | H321: =ISNUMBER(G321) -> TRUE | I321: =LEN(G321) -> 6
A322: 43678 | B322: 26 al 01 | C322: 6492.2 | D322: =SUBSTITUTE(C322, ",", ".") -> 6492.2 | E322: =IF(LEN(D322)-LEN(SUBSTITUTE(D322,".",""))>=2, SUBSTITUTE(D322,".","",1), D322) -> 6492.2 | F322: =TRIM(CLEAN( SUBSTITUTE( SUBSTITUTE( SUBSTITUTE( SUBSTITUTE(E322, CHAR(160), ""), _xlfn.UNICHAR(8203), "" ), "/kg", "" ), "$", "" ) )) -> 6492.2 | G322: =VALUE(F322) -> 6492.2 | H322: =ISNUMBER(G322) -> TRUE | I322: =LEN(G322) -> 6
A323: 43709 | B323: 02 al 08 | C323: 6.​636​,7​​​​​​​0​​​​ | D323: =SUBSTITUTE(C323, ",", ".") -> 6.​636​.7​​​​​​​0​​​​ | E323: =IF(LEN(D323)-LEN(SUBSTITUTE(D323,".",""))>=2, SUBSTITUTE(D323,".","",1), D323) -> 6​636​.7​​​​​​​0​​​​ | F323: =TRIM(CLEAN( SUBSTITUTE( SUBSTITUTE( SUBSTITUTE( SUBSTITUTE(E323, CHAR(160), ""), _xlfn.UNICHAR(8203), "" ), "/kg", "" ), "$", "" ) )) -> 6636.70 | G323: =VALUE(F323) -> 6636.7 | H323: =ISNUMBER(G323) -> TRUE | I323: =LEN(G323) -> 6
A324: 43709 | B324: 09 al 15 | C324: 6669.5 | D324: =SUBSTITUTE(C324, ",", ".") -> 6669.5 | E324: =IF(LEN(D324)-LEN(SUBSTITUTE(D324,".",""))>=2, SUBSTITUTE(D324,".","",1), D324) -> 6669.5 | F324: =TRIM(CLEAN( SUBSTITUTE( SUBSTITUTE( SUBSTITUTE( SUBSTITUTE(E324, CHAR(160), ""), _xlfn.UNICHAR(8203), "" ), "/kg", "" ), "$", "" ) )) -> 6669.5 | G324: =VALUE(F324) -> 6669.5 | H324: =ISNUMBER(G324) -> TRUE | I324: =LEN(G324) -> 6
A325: 43709 | B325: 16 al 22 | C325: 6778.3 | D325: =SUBSTITUTE(C325, ",", ".") -> 6778.3 | E325: =IF(LEN(D325)-LEN(SUBSTITUTE(D325,".",""))>=2, SUBSTITUTE(D325,".","",1), D325) -> 6778.3 | F325: =TRIM(CLEAN( SUBSTITUTE( SUBSTITUTE( SUBSTITUTE( SUBSTITUTE(E325, CHAR(160), ""), _xlfn.UNICHAR(8203), "" ), "/kg", "" ), "$", "" ) )) -> 6778.3 | G325: =VALUE(F325) -> 6778.3 | H325: =ISNUMBER(G325) -> TRUE | I325: =LEN(G325) -> 6
A326: 43709 | B326: 23 al 29 | C326: 7021.8 | D326: =SUBSTITUTE(C326, ",", ".") -> 7021.8 | E326: =IF(LEN(D326)-LEN(SUBSTITUTE(D326,".",""))>=2, SUBSTITUTE(D326,".","",1), D326) -> 7021.8 | F326: =TRIM(CLEAN( SUBSTITUTE( SUBSTITUTE( SUBSTITUTE( SUBSTITUTE(E326, CHAR(160), ""), _xlfn.UNICHAR(8203), "" ), "/kg", "" ), "$", "" ) )) -> 7021.8 | G326: =VALUE(F326) -> 7021.8 | H326: =ISNUMBER(G326) -> TRUE | I326: =LEN(G326) -> 6
A327: 43739 | B327: 30 al 06 | C327: 7308.3 | D327: =SUBSTITUTE(C327, ",", ".") -> 7308.3 | E327: =IF(LEN(D327)-LEN(SUBSTITUTE(D327,".",""))>=2, SUBSTITUTE(D327,".","",1), D327) -> 7308.3 | F327: =TRIM(CLEAN( SUBSTITUTE( SUBSTITUTE( SUBSTITUTE( SUBSTITUTE(E327, CHAR(160), ""), _xlfn.UNICHAR(8203), "" ), "/kg", "" ), "$", "" ) )) -> 7308.3 | G327: =VALUE(F327) -> 7308.3 | H327: =ISNUMBER(G327) -> TRUE | I327: =LEN(G327) -> 6
A328: 43739 | B328: 07 al 13 | C328: 7525 | D328: =SUBSTITUTE(C328, ",", ".") -> 7525 | E328: =IF(LEN(D328)-LEN(SUBSTITUTE(D328,".",""))>=2, SUBSTITUTE(D328,".","",1), D328) -> 7525 | F328: =TRIM(CLEAN( SUBSTITUTE( SUBSTITUTE( SUBSTITUTE( SUBSTITUTE(E328, CHAR(160), ""), _xlfn.UNICHAR(8203), "" ), "/kg", "" ), "$", "" ) )) -> 7525 | G328: =VALUE(F328) -> 7525 | H328: =ISNUMBER(G328) -> TRUE | I328: =LEN(G328) -> 4
A329: 43739 | B329: 14 al 20 | C329: 7.433​,​​​​​​​​​7​​0​​​​ | D329: =SUBSTITUTE(C329, ",", ".") -> 7.433​.​​​​​​​​​7​​0​​​​ | E329: =IF(LEN(D329)-LEN(SUBSTITUTE(D329,".",""))>=2, SUBSTITUTE(D329,".","",1), D329) -> 7433​.​​​​​​​​​7​​0​​​​ | F329: =TRIM(CLEAN( SUBSTITUTE( SUBSTITUTE( SUBSTITUTE( SUBSTITUTE(E329, CHAR(160), ""), _xlfn.UNICHAR(8203), "" ), "/kg", "" ), "$", "" ) )) -> 7433.70 | G329: =VALUE(F329) -> 7433.7 | H329: =ISNUMBER(G329) -> TRUE | I329: =LEN(G329) -> 6
A330: 43739 | B330: 21 al 27 | C330: 7.573​,​​​​​​​​​3​​​0​​​​ | D330: =SUBSTITUTE(C330, ",", ".") -> 7.573​.​​​​​​​​​3​​​0​​​​ | E330: =IF(LEN(D330)-LEN(SUBSTITUTE(D330,".",""))>=2, SUBSTITUTE(D330,".","",1), D330) -> 7573​.​​​​​​​​​3​​​0​​​​ | F330: =TRIM(CLEAN( SUBSTITUTE( SUBSTITUTE( SUBSTITUTE( SUBSTITUTE(E330, CHAR(160), ""), _xlfn.UNICHAR(8203), "" ), "/kg", "" ), "$", "" ) )) -> 7573.30 | G330: =VALUE(F330) -> 7573.3 | H330: =ISNUMBER(G330) -> TRUE | I330: =LEN(G330) -> 6
A331: 43770 | B331: 28 al 03 | C331: 7.418​​,​​​​​​​​​3​​​0​​​​ | D331: =SUBSTITUTE(C331, ",", ".") -> 7.418​​.​​​​​​​​​3​​​0​​​​ | E331: =IF(LEN(D331)-LEN(SUBSTITUTE(D331,".",""))>=2, SUBSTITUTE(D331,".","",1), D331) -> 7418​​.​​​​​​​​​3​​​0​​​​ | F331: =TRIM(CLEAN( SUBSTITUTE( SUBSTITUTE( SUBSTITUTE( SUBSTITUTE(E331, CHAR(160), ""), _xlfn.UNICHAR(8203), "" ), "/kg", "" ), "$", "" ) )) -> 7418.30 | G331: =VALUE(F331) -> 7418.3 | H331: =ISNUMBER(G331) -> TRUE | I331: =LEN(G331) -> 6
A332: 43770 | B332: 04 al 10 | C332: 7.290​​,​​​​​​​​​​​00​​​​ | D332: =SUBSTITUTE(C332, ",", ".") -> 7.290​​.​​​​​​​​​​​00​​​​ | E332: =IF(LEN(D332)-LEN(SUBSTITUTE(D332,".",""))>=2, SUBSTITUTE(D332,".","",1), D332) -> 7290​​.​​​​​​​​​​​00​​​​ | F332: =TRIM(CLEAN( SUBSTITUTE( SUBSTITUTE( SUBSTITUTE( SUBSTITUTE(E332, CHAR(160), ""), _xlfn.UNICHAR(8203), "" ), "/kg", "" ), "$", "" ) )) -> 7290.00 | G332: =VALUE(F332) -> 7290 | H332: =ISNUMBER(G332) -> TRUE | I332: =LEN(G332) -> 4
A333: 43770 | B333: 11 al 17 | C333: 7.258,​​​​​​​​30 | D333: =SUBSTITUTE(C333, ",", ".") -> 7.258.​​​​​​​​30 | E333: =IF(LEN(D333)-LEN(SUBSTITUTE(D333,".",""))>=2, SUBSTITUTE(D333,".","",1), D333) -> 7258.​​​​​​​​30 | F333: =TRIM(CLEAN( SUBSTITUTE( SUBSTITUTE( SUBSTITUTE( SUBSTITUTE(E333, CHAR(160), ""), _xlfn.UNICHAR(8203), "" ), "/kg", "" ), "$", "" ) )) -> 7258.30 | G333: =VALUE(F333) -> 7258.3 | H333: =ISNUMBER(G333) -> TRUE | I333: =LEN(G333) -> 6
A334: 43770 | B334: 18 al 24 | C334: 7.554,​​​​​​​​70​​​​ | D334: =SUBSTITUTE(C334, ",", ".") -> 7.554.​​​​​​​​70​​​​ | E334: =IF(LEN(D334)-LEN(SUBSTITUTE(D334,".",""))>=2, SUBSTITUTE(D334,".","",1), D334) -> 7554.​​​​​​​​70​​​​ | F334: =TRIM(CLEAN( SUBSTITUTE( SUBSTITUTE( SUBSTITUTE( SUBSTITUTE(E334, CHAR(160), ""), _xlfn.UNICHAR(8203), "" ), "/kg", "" ), "$", "" ) )) -> 7554.70 | G334: =VALUE(F334) -> 7554.7 | H334: =ISNUMBER(G334) -> TRUE | I334: =LEN(G334) -> 6
A335: 43770 | B335: 25 al 01 | C335: 7.813,​​​​​​​​80​​​​ | D335: =SUBSTITUTE(C335, ",", ".") -> 7.813.​​​​​​​​80​​​​ | E335: =IF(LEN(D335)-LEN(SUBSTITUTE(D335,".",""))>=2, SUBSTITUTE(D335,".","",1), D335) -> 7813.​​​​​​​​80​​​​ | F335: =TRIM(CLEAN( SUBSTITUTE( SUBSTITUTE( SUBSTITUTE( SUBSTITUTE(E335, CHAR(160), ""), _xlfn.UNICHAR(8203), "" ), "/kg", "" ), "$", "" ) )) -> 7813.80 | G335: =VALUE(F335) -> 7813.8 | H335: =ISNUMBER(G335) -> TRUE | I335: =LEN(G335) -> 6
A336: 43800 | B336: 02 al 08 | C336: 7.930,​​​​​​​​80​​​​ | D336: =SUBSTITUTE(C336, ",", ".") -> 7.930.​​​​​​​​80​​​​ | E336: =IF(LEN(D336)-LEN(SUBSTITUTE(D336,".",""))>=2, SUBSTITUTE(D336,".","",1), D336) -> 7930.​​​​​​​​80​​​​ | F336: =TRIM(CLEAN( SUBSTITUTE( SUBSTITUTE( SUBSTITUTE( SUBSTITUTE(E336, CHAR(160), ""), _xlfn.UNICHAR(8203), "" ), "/kg", "" ), "$", "" ) )) -> 7930.80 | G336: =VALUE(F336) -> 7930.8 | H336: =ISNUMBER(G336) -> TRUE | I336: =LEN(G336) -> 6
A337: 43800 | B337: 09 al 15 | C337: 7.868,​​​​​​​​80 | D337: =SUBSTITUTE(C337, ",", ".") -> 7.868.​​​​​​​​80 | E337: =IF(LEN(D337)-LEN(SUBSTITUTE(D337,".",""))>=2, SUBSTITUTE(D337,".","",1), D337) -> 7868.​​​​​​​​80 | F337: =TRIM(CLEAN( SUBSTITUTE( SUBSTITUTE( SUBSTITUTE( SUBSTITUTE(E337, CHAR(160), ""), _xlfn.UNICHAR(8203), "" ), "/kg", "" ), "$", "" ) )) -> 7868.80 | G337: =VALUE(F337) -> 7868.8 | H337: =ISNUMBER(G337) -> TRUE | I337: =LEN(G337) -> 6
A338: 43800 | B338: 16 al 22 | C338: 7.689,​​​​​​​​80 | D338: =SUBSTITUTE(C338, ",", ".") -> 7.689.​​​​​​​​80 | E338: =IF(LEN(D338)-LEN(SUBSTITUTE(D338,".",""))>=2, SUBSTITUTE(D338,".","",1), D338) -> 7689.​​​​​​​​80 | F338: =TRIM(CLEAN( SUBSTITUTE( SUBSTITUTE( SUBSTITUTE( SUBSTITUTE(E338, CHAR(160), ""), _xlfn.UNICHAR(8203), "" ), "/kg", "" ), "$", "" ) )) -> 7689.80 | G338: =VALUE(F338) -> 7689.8 | H338: =ISNUMBER(G338) -> TRUE | I338: =LEN(G338) -> 6
A339: 43800 | B339: 23 al 29 | C339: 7.552,​​​​​​​​00​​​​ | D339: =SUBSTITUTE(C339, ",", ".") -> 7.552.​​​​​​​​00​​​​ | E339: =IF(LEN(D339)-LEN(SUBSTITUTE(D339,".",""))>=2, SUBSTITUTE(D339,".","",1), D339) -> 7552.​​​​​​​​00​​​​ | F339: =TRIM(CLEAN( SUBSTITUTE( SUBSTITUTE( SUBSTITUTE( SUBSTITUTE(E339, CHAR(160), ""), _xlfn.UNICHAR(8203), "" ), "/kg", "" ), "$", "" ) )) -> 7552.00 | G339: =VALUE(F339) -> 7552 | H339: =ISNUMBER(G339) -> TRUE | I339: =LEN(G339) -> 4
A340: 43831 | B340: 30 al 05 | C340: 7.100,​​​​​​​​50 | D340: =SUBSTITUTE(C340, ",", ".") -> 7.100.​​​​​​​​50 | E340: =IF(LEN(D340)-LEN(SUBSTITUTE(D340,".",""))>=2, SUBSTITUTE(D340,".","",1), D340) -> 7100.​​​​​​​​50 | F340: =TRIM(CLEAN( SUBSTITUTE( SUBSTITUTE( SUBSTITUTE( SUBSTITUTE(E340, CHAR(160), ""), _xlfn.UNICHAR(8203), "" ), "/kg", "" ), "$", "" ) )) -> 7100.50 | G340: =VALUE(F340) -> 7100.5 | H340: =ISNUMBER(G340) -> TRUE | I340: =LEN(G340) -> 6
... A348: 43862 | B348: 23 al 01 | C348: 8.556,​​​​​​​​00​​​​ | D348: =SUBSTITUTE(C348, ",", ".") -> 8.556.​​​​​​​​00​​​​ | E348: =IF(LEN(D348)-LEN(SUBSTITUTE(D348,".",""))>=2, SUBSTITUTE(D348,".","",1), D348) -> 8556.​​​​​​​​00​​​​ | F348: =TRIM(CLEAN( SUBSTITUTE( SUBSTITUTE( SUBSTITUTE( SUBSTITUTE(E348, CHAR(160), ""), _xlfn.UNICHAR(8203), "" ), "/kg", "" ), "$", "" ) )) -> 8556.00 | G348: =VALUE(F348) -> 8556 | H348: =ISNUMBER(G348) -> TRUE | I348: =LEN(G348) -> 4
A349: 43891 | B349: 02 al 08 | C349: 8457.2 | D349: =SUBSTITUTE(C349, ",", ".") -> 8457.2 | E349: =IF(LEN(D349)-LEN(SUBSTITUTE(D349,".",""))>=2, SUBSTITUTE(D349,".","",1), D349) -> 8457.2 | F349: =TRIM(CLEAN( SUBSTITUTE( SUBSTITUTE( SUBSTITUTE( SUBSTITUTE(E349, CHAR(160), ""), _xlfn.UNICHAR(8203), "" ), "/kg", "" ), "$", "" ) )) -> 8457.2 | G349: =VALUE(F349) -> 8457.2 | H349: =ISNUMBER(G349) -> TRUE | I349: =LEN(G349) -> 6
A350: 43891 | B350: 09 al 15 | C350: 8350 | D350: =SUBSTITUTE(C350, ",", ".") -> 8350 | E350: =IF(LEN(D350)-LEN(SUBSTITUTE(D350,".",""))>=2, SUBSTITUTE(D350,".","",1), D350) -> 8350 | F350: =TRIM(CLEAN( SUBSTITUTE( SUBSTITUTE( SUBSTITUTE( SUBSTITUTE(E350, CHAR(160), ""), _xlfn.UNICHAR(8203), "" ), "/kg", "" ), "$", "" ) )) -> 8350 | G350: =VALUE(F350) -> 8350 | H350: =ISNUMBER(G350) -> TRUE | I350: =LEN(G350) -> 4
A351: 43891 | B351: 16 al 22 | C351: 8613.5 | D351: =SUBSTITUTE(C351, ",", ".") -> 8613.5 | E351: =IF(LEN(D351)-LEN(SUBSTITUTE(D351,".",""))>=2, SUBSTITUTE(D351,".","",1), D351) -> 8613.5 | F351: =TRIM(CLEAN( SUBSTITUTE( SUBSTITUTE( SUBSTITUTE( SUBSTITUTE(E351, CHAR(160), ""), _xlfn.UNICHAR(8203), "" ), "/kg", "" ), "$", "" ) )) -> 8613.5 | G351: =VALUE(F351) -> 8613.5 | H351: =ISNUMBER(G351) -> TRUE | I351: =LEN(G351) -> 6
A352: 43891 | B352: 23 al 29 | C352: 8352.8 | D352: =SUBSTITUTE(C352, ",", ".") -> 8352.8 | E352: =IF(LEN(D352)-LEN(SUBSTITUTE(D352,".",""))>=2, SUBSTITUTE(D352,".","",1), D352) -> 8352.8 | F352: =TRIM(CLEAN( SUBSTITUTE( SUBSTITUTE( SUBSTITUTE( SUBSTITUTE(E352, CHAR(160), ""), _xlfn.UNICHAR(8203), "" ), "/kg", "" ), "$", "" ) )) -> 8352.8 | G352: =VALUE(F352) -> 8352.8 | H352: =ISNUMBER(G352) -> TRUE | I352: =LEN(G352) -> 6
A353: 43922 | B353: 30 al 05 | C353: 8200.3 | D353: =SUBSTITUTE(C353, ",", ".") -> 8200.3 | E353: =IF(LEN(D353)-LEN(SUBSTITUTE(D353,".",""))>=2, SUBSTITUTE(D353,".","",1), D353) -> 8200.3 | F353: =TRIM(CLEAN( SUBSTITUTE( SUBSTITUTE( SUBSTITUTE( SUBSTITUTE(E353, CHAR(160), ""), _xlfn.UNICHAR(8203), "" ), "/kg", "" ), "$", "" ) )) -> 8200.3 | G353: =VALUE(F353) -> 8200.3 | H353: =ISNUMBER(G353) -> TRUE | I353: =LEN(G353) -> 6
A354: 43922 | B354: 06 al 12 | C354: 8275.8 | D354: =SUBSTITUTE(C354, ",", ".") -> 8275.8 | E354: =IF(LEN(D354)-LEN(SUBSTITUTE(D354,".",""))>=2, SUBSTITUTE(D354,".","",1), D354) -> 8275.8 | F354: =TRIM(CLEAN( SUBSTITUTE( SUBSTITUTE( SUBSTITUTE( SUBSTITUTE(E354, CHAR(160), ""), _xlfn.UNICHAR(8203), "" ), "/kg", "" ), "$", "" ) )) -> 8275.8 | G354: =VALUE(F354) -> 8275.8 | H354: =ISNUMBER(G354) -> TRUE | I354: =LEN(G354) -> 6
A355: 43922 | B355: 13 al 19 | C355: ​8.215,00 | D355: =SUBSTITUTE(C355, ",", ".") -> ​8.215.00 | E355: =IF(LEN(D355)-LEN(SUBSTITUTE(D355,".",""))>=2, SUBSTITUTE(D355,".","",1), D355) -> ​8215.00 | F355: =TRIM(CLEAN( SUBSTITUTE( SUBSTITUTE( SUBSTITUTE( SUBSTITUTE(E355, CHAR(160), ""), _xlfn.UNICHAR(8203), "" ), "/kg", "" ), "$", "" ) )) -> 8215.00 | G355: =VALUE(F355) -> 8215 | H355: =ISNUMBER(G355) -> TRUE | I355: =LEN(G355) -> 4
A356: 43922 | B356: 20 al 26 | C356: 8041.8 | D356: =SUBSTITUTE(C356, ",", ".") -> 8041.8 | E356: =IF(LEN(D356)-LEN(SUBSTITUTE(D356,".",""))>=2, SUBSTITUTE(D356,".","",1), D356) -> 8041.8 | F356: =TRIM(CLEAN( SUBSTITUTE( SUBSTITUTE( SUBSTITUTE( SUBSTITUTE(E356, CHAR(160), ""), _xlfn.UNICHAR(8203), "" ), "/kg", "" ), "$", "" ) )) -> 8041.8 | G356: =VALUE(F356) -> 8041.8 | H356: =ISNUMBER(G356) -> TRUE | I356: =LEN(G356) -> 6
A357: 43922 | B357: 27 al 03 | C357: 8.396,80​​​​ | D357: =SUBSTITUTE(C357, ",", ".") -> 8.396.80​​​​ | E357: =IF(LEN(D357)-LEN(SUBSTITUTE(D357,".",""))>=2, SUBSTITUTE(D357,".","",1), D357) -> 8396.80​​​​ | F357: =TRIM(CLEAN( SUBSTITUTE( SUBSTITUTE( SUBSTITUTE( SUBSTITUTE(E357, CHAR(160), ""), _xlfn.UNICHAR(8203), "" ), "/kg", "" ), "$", "" ) )) -> 8396.80 | G357: =VALUE(F357) -> 8396.8 | H357: =ISNUMBER(G357) -> TRUE | I357: =LEN(G357) -> 6
A358: 43952 | B358: 04 al 10 | C358: 8.512,50​​​​ | D358: =SUBSTITUTE(C358, ",", ".") -> 8.512.50​​​​ | E358: =IF(LEN(D358)-LEN(SUBSTITUTE(D358,".",""))>=2, SUBSTITUTE(D358,".","",1), D358) -> 8512.50​​​​ | F358: =TRIM(CLEAN( SUBSTITUTE( SUBSTITUTE( SUBSTITUTE( SUBSTITUTE(E358, CHAR(160), ""), _xlfn.UNICHAR(8203), "" ), "/kg", "" ), "$", "" ) )) -> 8512.50 | G358: =VALUE(F358) -> 8512.5 | H358: =ISNUMBER(G358) -> TRUE | I358: =LEN(G358) -> 6
A359: 43952 | B359: 11 al 17 | C359: 8524 | D359: =SUBSTITUTE(C359, ",", ".") -> 8524 | E359: =IF(LEN(D359)-LEN(SUBSTITUTE(D359,".",""))>=2, SUBSTITUTE(D359,".","",1), D359) -> 8524 | F359: =TRIM(CLEAN( SUBSTITUTE( SUBSTITUTE( SUBSTITUTE( SUBSTITUTE(E359, CHAR(160), ""), _xlfn.UNICHAR(8203), "" ), "/kg", "" ), "$", "" ) )) -> 8524 | G359: =VALUE(F359) -> 8524 | H359: =ISNUMBER(G359) -> TRUE | I359: =LEN(G359) -> 4
A360: 43952 | B360: 18 al 24 | C360: 8.601,00​​​​ | D360: =SUBSTITUTE(C360, ",", ".") -> 8.601.00​​​​ | E360: =IF(LEN(D360)-LEN(SUBSTITUTE(D360,".",""))>=2, SUBSTITUTE(D360,".","",1), D360) -> 8601.00​​​​ | F360: =TRIM(CLEAN( SUBSTITUTE( SUBSTITUTE( SUBSTITUTE( SUBSTITUTE(E360, CHAR(160), ""), _xlfn.UNICHAR(8203), "" ), "/kg", "" ), "$", "" ) )) -> 8601.00 | G360: =VALUE(F360) -> 8601 | H360: =ISNUMBER(G360) -> TRUE | I360: =LEN(G360) -> 4
A361: 43952 | B361: 25 al 31 | C361: 8349.2 | D361: =SUBSTITUTE(C361, ",", ".") -> 8349.2 | E361: =IF(LEN(D361)-LEN(SUBSTITUTE(D361,".",""))>=2, SUBSTITUTE(D361,".","",1), D361) -> 8349.2 | F361: =TRIM(CLEAN( SUBSTITUTE( SUBSTITUTE( SUBSTITUTE( SUBSTITUTE(E361, CHAR(160), ""), _xlfn.UNICHAR(8203), "" ), "/kg", "" ), "$", "" ) )) -> 8349.2 | G361: =VALUE(F361) -> 8349.2 | H361: =ISNUMBER(G361) -> TRUE | I361: =LEN(G361) -> 6
A362: 43983 | B362: 01 al 07 | C362: ​​​​8.128,20 | D362: =SUBSTITUTE(C362, ",", ".") -> ​​​​8.128.20 | E362: =IF(LEN(D362)-LEN(SUBSTITUTE(D362,".",""))>=2, SUBSTITUTE(D362,".","",1), D362) -> ​​​​8128.20 | F362: =TRIM(CLEAN( SUBSTITUTE( SUBSTITUTE( SUBSTITUTE( SUBSTITUTE(E362, CHAR(160), ""), _xlfn.UNICHAR(8203), "" ), "/kg", "" ), "$", "" ) )) -> 8128.20 | G362: =VALUE(F362) -> 8128.2 | H362: =ISNUMBER(G362) -> TRUE | I362: =LEN(G362) -> 6
A363: 43983 | B363: 08 al 14 | C363: 7918.2 | D363: =SUBSTITUTE(C363, ",", ".") -> 7918.2 | E363: =IF(LEN(D363)-LEN(SUBSTITUTE(D363,".",""))>=2, SUBSTITUTE(D363,".","",1), D363) -> 7918.2 | F363: =TRIM(CLEAN( SUBSTITUTE( SUBSTITUTE( SUBSTITUTE( SUBSTITUTE(E363, CHAR(160), ""), _xlfn.UNICHAR(8203), "" ), "/kg", "" ), "$", "" ) )) -> 7918.2 | G363: =VALUE(F363) -> 7918.2 | H363: =ISNUMBER(G363) -> TRUE | I363: =LEN(G363) -> 6
A364: 43983 | B364: 15 al 21 | C364: 7847.5 | D364: =SUBSTITUTE(C364, ",", ".") -> 7847.5 | E364: =IF(LEN(D364)-LEN(SUBSTITUTE(D364,".",""))>=2, SUBSTITUTE(D364,".","",1), D364) -> 7847.5 | F364: =TRIM(CLEAN( SUBSTITUTE( SUBSTITUTE( SUBSTITUTE( SUBSTITUTE(E364, CHAR(160), ""), _xlfn.UNICHAR(8203), "" ), "/kg", "" ), "$", "" ) )) -> 7847.5 | G364: =VALUE(F364) -> 7847.5 | H364: =ISNUMBER(G364) -> TRUE | I364: =LEN(G364) -> 6
A365: 43983 | B365: 22 al 28 | C365: 7.520,70​​​​ | D365: =SUBSTITUTE(C365, ",", ".") -> 7.520.70​​​​ | E365: =IF(LEN(D365)-LEN(SUBSTITUTE(D365,".",""))>=2, SUBSTITUTE(D365,".","",1), D365) -> 7520.70​​​​ | F365: =TRIM(CLEAN( SUBSTITUTE( SUBSTITUTE( SUBSTITUTE( SUBSTITUTE(E365, CHAR(160), ""), _xlfn.UNICHAR(8203), "" ), "/kg", "" ), "$", "" ) )) -> 7520.70 | G365: =VALUE(F365) -> 7520.7 | H365: =ISNUMBER(G365) -> TRUE | I365: =LEN(G365) -> 6
A366: 44013 | B366: 29 al 05 | C366: 7.479,70​​​​ | D366: =SUBSTITUTE(C366, ",", ".") -> 7.479.70​​​​ | E366: =IF(LEN(D366)-LEN(SUBSTITUTE(D366,".",""))>=2, SUBSTITUTE(D366,".","",1), D366) -> 7479.70​​​​ | F366: =TRIM(CLEAN( SUBSTITUTE( SUBSTITUTE( SUBSTITUTE( SUBSTITUTE(E366, CHAR(160), ""), _xlfn.UNICHAR(8203), "" ), "/kg", "" ), "$", "" ) )) -> 7479.70 | G366: =VALUE(F366) -> 7479.7 | H366: =ISNUMBER(G366) -> TRUE | I366: =LEN(G366) -> 6
A367: 44013 | B367: 06 al 12 | C367: 7.215,50​​​​ | D367: =SUBSTITUTE(C367, ",", ".") -> 7.215.50​​​​ | E367: =IF(LEN(D367)-LEN(SUBSTITUTE(D367,".",""))>=2, SUBSTITUTE(D367,".","",1), D367) -> 7215.50​​​​ | F367: =TRIM(CLEAN( SUBSTITUTE( SUBSTITUTE( SUBSTITUTE( SUBSTITUTE(E367, CHAR(160), ""), _xlfn.UNICHAR(8203), "" ), "/kg", "" ), "$", "" ) )) -> 7215.50 | G367: =VALUE(F367) -> 7215.5 | H367: =ISNUMBER(G367) -> TRUE | I367: =LEN(G367) -> 6
A368: 44013 | B368: 13 al 19 | C368: 6877.7 | D368: =SUBSTITUTE(C368, ",", ".") -> 6877.7 | E368: =IF(LEN(D368)-LEN(SUBSTITUTE(D368,".",""))>=2, SUBSTITUTE(D368,".","",1), D368) -> 6877.7 | F368: =TRIM(CLEAN( SUBSTITUTE( SUBSTITUTE( SUBSTITUTE( SUBSTITUTE(E368, CHAR(160), ""), _xlfn.UNICHAR(8203), "" ), "/kg", "" ), "$", "" ) )) -> 6877.7 | G368: =VALUE(F368) -> 6877.7 | H368: =ISNUMBER(G368) -> TRUE | I368: =LEN(G368) -> 6
A369: 44013 | B369: 20 al 26 | C369: 6940 | D369: =SUBSTITUTE(C369, ",", ".") -> 6940 | E369: =IF(LEN(D369)-LEN(SUBSTITUTE(D369,".",""))>=2, SUBSTITUTE(D369,".","",1), D369) -> 6940 | F369: =TRIM(CLEAN( SUBSTITUTE( SUBSTITUTE( SUBSTITUTE( SUBSTITUTE(E369, CHAR(160), ""), _xlfn.UNICHAR(8203), "" ), "/kg", "" ), "$", "" ) )) -> 6940 | G369: =VALUE(F369) -> 6940 | H369: =ISNUMBER(G369) -> TRUE | I369: =LEN(G369) -> 4
A370: 44044 | B370: 27 al 02 | C370: 7.073,80​​​​ | D370: =SUBSTITUTE(C370, ",", ".") -> 7.073.80​​​​ | E370: =IF(LEN(D370)-LEN(SUBSTITUTE(D370,".",""))>=2, SUBSTITUTE(D370,".","",1), D370) -> 7073.80​​​​ | F370: =TRIM(CLEAN( SUBSTITUTE( SUBSTITUTE( SUBSTITUTE( SUBSTITUTE(E370, CHAR(160), ""), _xlfn.UNICHAR(8203), "" ), "/kg", "" ), "$", "" ) )) -> 7073.80 | G370: =VALUE(F370) -> 7073.8 | H370: =ISNUMBER(G370) -> TRUE | I370: =LEN(G370) -> 6
A371: 44044 | B371: 03 al 09 | C371: 7323.2 | D371: =SUBSTITUTE(C371, ",", ".") -> 7323.2 | E371: =IF(LEN(D371)-LEN(SUBSTITUTE(D371,".",""))>=2, SUBSTITUTE(D371,".","",1), D371) -> 7323.2 | F371: =TRIM(CLEAN( SUBSTITUTE( SUBSTITUTE( SUBSTITUTE( SUBSTITUTE(E371, CHAR(160), ""), _xlfn.UNICHAR(8203), "" ), "/kg", "" ), "$", "" ) )) -> 7323.2 | G371: =VALUE(F371) -> 7323.2 | H371: =ISNUMBER(G371) -> TRUE | I371: =LEN(G371) -> 6
A372: 44044 | B372: 10 al 16 | C372: 7.609,80​​​​ | D372: =SUBSTITUTE(C372, ",", ".") -> 7.609.80​​​​ | E372: =IF(LEN(D372)-LEN(SUBSTITUTE(D372,".",""))>=2, SUBSTITUTE(D372,".","",1), D372) -> 7609.80​​​​ | F372: =TRIM(CLEAN( SUBSTITUTE( SUBSTITUTE( SUBSTITUTE( SUBSTITUTE(E372, CHAR(160), ""), _xlfn.UNICHAR(8203), "" ), "/kg", "" ), "$", "" ) )) -> 7609.80 | G372: =VALUE(F372) -> 7609.8 | H372: =ISNUMBER(G372) -> TRUE | I372: =LEN(G372) -> 6
A373: 44044 | B373: 17 al 23 | C373: 7.984,20​​​​ | D373: =SUBSTITUTE(C373, ",", ".") -> 7.984.20​​​​ | E373: =IF(LEN(D373)-LEN(SUBSTITUTE(D373,".",""))>=2, SUBSTITUTE(D373,".","",1), D373) -> 7984.20​​​​ | F373: =TRIM(CLEAN( SUBSTITUTE( SUBSTITUTE( SUBSTITUTE( SUBSTITUTE(E373, CHAR(160), ""), _xlfn.UNICHAR(8203), "" ), "/kg", "" ), "$", "" ) )) -> 7984.20 | G373: =VALUE(F373) -> 7984.2 | H373: =ISNUMBER(G373) -> TRUE | I373: =LEN(G373) -> 6
A374: 44044 | B374: 24 al 30 | C374: 8.046,70​​​​ | D374: =SUBSTITUTE(C374, ",", ".") -> 8.046.70​​​​ | E374: =IF(LEN(D374)-LEN(SUBSTITUTE(D374,".",""))>=2, SUBSTITUTE(D374,".","",1), D374) -> 8046.70​​​​ | F374: =TRIM(CLEAN( SUBSTITUTE( SUBSTITUTE( SUBSTITUTE( SUBSTITUTE(E374, CHAR(160), ""), _xlfn.UNICHAR(8203), "" ), "/kg", "" ), "$", "" ) )) -> 8046.70 | G374: =VALUE(F374) -> 8046.7 | H374: =ISNUMBER(G374) -> TRUE | I374: =LEN(G374) -> 6
A375: 44075 | B375: 31 al 06 | C375: 8.270,80​​​​ | D375: =SUBSTITUTE(C375, ",", ".") -> 8.270.80​​​​ | E375: =IF(LEN(D375)-LEN(SUBSTITUTE(D375,".",""))>=2, SUBSTITUTE(D375,".","",1), D375) -> 8270.80​​​​ | F375: =TRIM(CLEAN( SUBSTITUTE( SUBSTITUTE( SUBSTITUTE( SUBSTITUTE(E375, CHAR(160), ""), _xlfn.UNICHAR(8203), "" ), "/kg", "" ), "$", "" ) )) -> 8270.80 | G375: =VALUE(F375) -> 8270.8 | H375: =ISNUMBER(G375) -> TRUE | I375: =LEN(G375) -> 6
A376: 44075 | B376: 07 al 13 | C376: 8.528,30​​​​ | D376: =SUBSTITUTE(C376, ",", ".") -> 8.528.30​​​​ | E376: =IF(LEN(D376)-LEN(SUBSTITUTE(D376,".",""))>=2, SUBSTITUTE(D376,".","",1), D376) -> 8528.30​​​​ | F376: =TRIM(CLEAN( SUBSTITUTE( SUBSTITUTE( SUBSTITUTE( SUBSTITUTE(E376, CHAR(160), ""), _xlfn.UNICHAR(8203), "" ), "/kg", "" ), "$", "" ) )) -> 8528.30 | G376: =VALUE(F376) -> 8528.3 | H376: =ISNUMBER(G376) -> TRUE | I376: =LEN(G376) -> 6
A377: 44075 | B377: 14 al 20 | C377: 8460 | D377: =SUBSTITUTE(C377, ",", ".") -> 8460 | E377: =IF(LEN(D377)-LEN(SUBSTITUTE(D377,".",""))>=2, SUBSTITUTE(D377,".","",1), D377) -> 8460 | F377: =TRIM(CLEAN( SUBSTITUTE( SUBSTITUTE( SUBSTITUTE( SUBSTITUTE(E377, CHAR(160), ""), _xlfn.UNICHAR(8203), "" ), "/kg", "" ), "$", "" ) )) -> 8460 | G377: =VALUE(F377) -> 8460 | H377: =ISNUMBER(G377) -> TRUE | I377: =LEN(G377) -> 4
A378: 44075 | B378: 21 al 27 | C378: 8.560,50​​​​ | D378: =SUBSTITUTE(C378, ",", ".") -> 8.560.50​​​​ | E378: =IF(LEN(D378)-LEN(SUBSTITUTE(D378,".",""))>=2, SUBSTITUTE(D378,".","",1), D378) -> 8560.50​​​​ | F378: =TRIM(CLEAN( SUBSTITUTE( SUBSTITUTE( SUBSTITUTE( SUBSTITUTE(E378, CHAR(160), ""), _xlfn.UNICHAR(8203), "" ), "/kg", "" ), "$", "" ) )) -> 8560.50 | G378: =VALUE(F378) -> 8560.5 | H378: =ISNUMBER(G378) -> TRUE | I378: =LEN(G378) -> 6
...

Sheet Raw2_Colombian_Cacao
A1: Fecha​​​​​​​​​​​​​​​ | B1: ​​Precio​​​​​
A2: 28 de julio al 3 de agosto de 2025​​​​​​ | B2: ​​$23.747,00​​/kg​
A3: 21 al 27 ​de julio de 2025​​​​​​ | B3: ​​$23.490,00​/kg​
A4: 14 al 20 ​de julio de 2025​​​​​​ | B4: ​​$25.323,00/kg​
A5: 7 al 13 de julio de 2025​​​​​​ | B5: ​​$25.977,50​​​/kg​
A6: 30 de junio al 6 d​e julio de 2025​​​​​​ | B6: ​​$27.960,70​​​/kg​
A7: 23 al 29 de junio de 2025​​​​​​ | B7: ​​$28.000,80​​/kg​
A8: 16 al 22 de junio de 2025​​​​​​ | B8: ​​$30.544,50​​/kg​
A9: 9 al 15 de junio de 2025​​​​ | B9: ​​$28.895,00​/kg​
A10: 2 al 8 de junio de 2025​​​​ | B10: ​​$27.863,50/kg​
A11: 26 de mayo al 1 de junio de 2025​​​​ | B11: ​​$31.486,50​​/kg​
A12: 19 al 25 de mayo de 2025​​​​ | B12: ​​$30.397,00​/kg​
... A206: 23 al 29 de agosto de 2021 ​​​​​ | B206: ​$8.208,50​​​​

Sheet Raw2_Pipeline_Colombian_Cacao
A1: Fecha​​​​​​​​​​​​​​​ | B1: date | C1: ​​Precio​​​​​ | D1: Year | E1: Month | F1: Date | G1: Clean | H1: Change "," | I1: Remove first dot | J1: price_cop_per_kg | K1: price_cop_per_kg
A2: 28 de julio al 3 de agosto de 2025​​​​​​ | B2: 28 al 3 | C2: ​​$23.747,00​​/kg​ | D2: =IFERROR(MID(A2,FIND("202",A2),4),"") -> 2025 | E2: {=CHOOSE(MATCH(TRUE,ISNUMBER(SEARCH({"enero","febrero","marzo","abril","mayo","junio","julio","agosto","septiembre","octubre","noviembre","diciembre"},LOWER(A2))),0), 1,2,3,4,5,6,7,8,9,10,11,12)} -> 7 | F2: =_xlfn.CONCAT(E2,"/1/",D2) -> 7/1/2025 | G2: =TRIM(CLEAN( SUBSTITUTE( SUBSTITUTE( SUBSTITUTE( SUBSTITUTE(C2, CHAR(160), ""), _xlfn.UNICHAR(8203), "" ), "/kg", "" ), "$", "" ) )) -> 23.747,00 | H2: =SUBSTITUTE(G2, ",", ".") -> 23.747.00 | I2: =SUBSTITUTE(H2, ".", "", 1) -> 23747.00 | J2: =VALUE(I2) -> 23747 | K2: =VALUE(J2) -> 23747
A3: 21 al 27 ​de julio de 2025​​​​​​ | B3: =LEFT(A3, FIND("de", A3)-2) -> 21 al 27 | C3: ​​$23.490,00​/kg​ | D3: =IFERROR(MID(A3,FIND("202",A3),4),"") -> 2025 | E3: {=CHOOSE(MATCH(TRUE,ISNUMBER(SEARCH({"enero","febrero","marzo","abril","mayo","junio","julio","agosto","septiembre","octubre","noviembre","diciembre"},LOWER(A3))),0), 1,2,3,4,5,6,7,8,9,10,11,12)} -> 7 | F3: =_xlfn.CONCAT(E3,"/1/",D3) -> 7/1/2025 | G3: =TRIM(CLEAN( SUBSTITUTE( SUBSTITUTE( SUBSTITUTE( SUBSTITUTE(C3, CHAR(160), ""), _xlfn.UNICHAR(8203), "" ), "/kg", "" ), "$", "" ) )) -> 23.490,00 | H3: =SUBSTITUTE(G3, ",", ".") -> 23.490.00 | I3: =SUBSTITUTE(H3, ".", "", 1) -> 23490.00 | J3: =VALUE(I3) -> 23490 | K3: =VALUE(J3) -> 23490
A4: 14 al 20 ​de julio de 2025​​​​​​ | B4: =LEFT(A4, FIND("de", A4)-2) -> 14 al 20 | C4: ​​$25.323,00/kg​ | D4: =IFERROR(MID(A4,FIND("202",A4),4),"") -> 2025 | E4: {=CHOOSE(MATCH(TRUE,ISNUMBER(SEARCH({"enero","febrero","marzo","abril","mayo","junio","julio","agosto","septiembre","octubre","noviembre","diciembre"},LOWER(A4))),0), 1,2,3,4,5,6,7,8,9,10,11,12)} -> 7 | F4: =_xlfn.CONCAT(E4,"/1/",D4) -> 7/1/2025 | G4: =TRIM(CLEAN( SUBSTITUTE( SUBSTITUTE( SUBSTITUTE( SUBSTITUTE(C4, CHAR(160), ""), _xlfn.UNICHAR(8203), "" ), "/kg", "" ), "$", "" ) )) -> 25.323,00 | H4: =SUBSTITUTE(G4, ",", ".") -> 25.323.00 | I4: =SUBSTITUTE(H4, ".", "", 1) -> 25323.00 | J4: =VALUE(I4) -> 25323 | K4: =VALUE(J4) -> 25323
A5: 7 al 13 de julio de 2025​​​​​​ | B5: =LEFT(A5, FIND("de", A5)-2) -> 7 al 13 | C5: ​​$25.977,50​​​/kg​ | D5: =IFERROR(MID(A5,FIND("202",A5),4),"") -> 2025 | E5: {=CHOOSE(MATCH(TRUE,ISNUMBER(SEARCH({"enero","febrero","marzo","abril","mayo","junio","julio","agosto","septiembre","octubre","noviembre","diciembre"},LOWER(A5))),0), 1,2,3,4,5,6,7,8,9,10,11,12)} -> 7 | F5: =_xlfn.CONCAT(E5,"/1/",D5) -> 7/1/2025 | G5: =TRIM(CLEAN( SUBSTITUTE( SUBSTITUTE( SUBSTITUTE( SUBSTITUTE(C5, CHAR(160), ""), _xlfn.UNICHAR(8203), "" ), "/kg", "" ), "$", "" ) )) -> 25.977,50 | H5: =SUBSTITUTE(G5, ",", ".") -> 25.977.50 | I5: =SUBSTITUTE(H5, ".", "", 1) -> 25977.50 | J5: =VALUE(I5) -> 25977.5 | K5: =VALUE(J5) -> 25977.5
A6: 30 de junio al 6 d​e julio de 2025​​​​​​ | B6: 30 al 6 | C6: ​​$27.960,70​​​/kg​ | D6: =IFERROR(MID(A6,FIND("202",A6),4),"") -> 2025 | E6: {=CHOOSE(MATCH(TRUE,ISNUMBER(SEARCH({"enero","febrero","marzo","abril","mayo","junio","julio","agosto","septiembre","octubre","noviembre","diciembre"},LOWER(A6))),0), 1,2,3,4,5,6,7,8,9,10,11,12)} -> 6 | F6: =_xlfn.CONCAT(E6,"/1/",D6) -> 6/1/2025 | G6: =TRIM(CLEAN( SUBSTITUTE( SUBSTITUTE( SUBSTITUTE( SUBSTITUTE(C6, CHAR(160), ""), _xlfn.UNICHAR(8203), "" ), "/kg", "" ), "$", "" ) )) -> 27.960,70 | H6: =SUBSTITUTE(G6, ",", ".") -> 27.960.70 | I6: =SUBSTITUTE(H6, ".", "", 1) -> 27960.70 | J6: =VALUE(I6) -> 27960.7 | K6: =VALUE(J6) -> 27960.7
A7: 23 al 29 de junio de 2025​​​​​​ | B7: =LEFT(A7, FIND("de", A7)-2) -> 23 al 29 | C7: ​​$28.000,80​​/kg​ | D7: =IFERROR(MID(A7,FIND("202",A7),4),"") -> 2025 | E7: {=CHOOSE(MATCH(TRUE,ISNUMBER(SEARCH({"enero","febrero","marzo","abril","mayo","junio","julio","agosto","septiembre","octubre","noviembre","diciembre"},LOWER(A7))),0), 1,2,3,4,5,6,7,8,9,10,11,12)} -> 6 | F7: =_xlfn.CONCAT(E7,"/1/",D7) -> 6/1/2025 | G7: =TRIM(CLEAN( SUBSTITUTE( SUBSTITUTE( SUBSTITUTE( SUBSTITUTE(C7, CHAR(160), ""), _xlfn.UNICHAR(8203), "" ), "/kg", "" ), "$", "" ) )) -> 28.000,80 | H7: =SUBSTITUTE(G7, ",", ".") -> 28.000.80 | I7: =SUBSTITUTE(H7, ".", "", 1) -> 28000.80 | J7: =VALUE(I7) -> 28000.8 | K7: =VALUE(J7) -> 28000.8
A8: 16 al 22 de junio de 2025​​​​​​ | B8: =LEFT(A8, FIND("de", A8)-2) -> 16 al 22 | C8: ​​$30.544,50​​/kg​ | D8: =IFERROR(MID(A8,FIND("202",A8),4),"") -> 2025 | E8: {=CHOOSE(MATCH(TRUE,ISNUMBER(SEARCH({"enero","febrero","marzo","abril","mayo","junio","julio","agosto","septiembre","octubre","noviembre","diciembre"},LOWER(A8))),0), 1,2,3,4,5,6,7,8,9,10,11,12)} -> 6 | F8: =_xlfn.CONCAT(E8,"/1/",D8) -> 6/1/2025 | G8: =TRIM(CLEAN( SUBSTITUTE( SUBSTITUTE( SUBSTITUTE( SUBSTITUTE(C8, CHAR(160), ""), _xlfn.UNICHAR(8203), "" ), "/kg", "" ), "$", "" ) )) -> 30.544,50 | H8: =SUBSTITUTE(G8, ",", ".") -> 30.544.50 | I8: =SUBSTITUTE(H8, ".", "", 1) -> 30544.50 | J8: =VALUE(I8) -> 30544.5 | K8: =VALUE(J8) -> 30544.5
A9: 9 al 15 de junio de 2025​​​​ | B9: =LEFT(A9, FIND("de", A9)-2) -> 9 al 15 | C9: ​​$28.895,00​/kg​ | D9: =IFERROR(MID(A9,FIND("202",A9),4),"") -> 2025 | E9: {=CHOOSE(MATCH(TRUE,ISNUMBER(SEARCH({"enero","febrero","marzo","abril","mayo","junio","julio","agosto","septiembre","octubre","noviembre","diciembre"},LOWER(A9))),0), 1,2,3,4,5,6,7,8,9,10,11,12)} -> 6 | F9: =_xlfn.CONCAT(E9,"/1/",D9) -> 6/1/2025 | G9: =TRIM(CLEAN( SUBSTITUTE( SUBSTITUTE( SUBSTITUTE( SUBSTITUTE(C9, CHAR(160), ""), _xlfn.UNICHAR(8203), "" ), "/kg", "" ), "$", "" ) )) -> 28.895,00 | H9: =SUBSTITUTE(G9, ",", ".") -> 28.895.00 | I9: =SUBSTITUTE(H9, ".", "", 1) -> 28895.00 | J9: =VALUE(I9) -> 28895 | K9: =VALUE(J9) -> 28895
A10: 2 al 8 de junio de 2025​​​​ | B10: =LEFT(A10, FIND("de", A10)-2) -> 2 al 8 | C10: ​​$27.863,50/kg​ | D10: =IFERROR(MID(A10,FIND("202",A10),4),"") -> 2025 | E10: {=CHOOSE(MATCH(TRUE,ISNUMBER(SEARCH({"enero","febrero","marzo","abril","mayo","junio","julio","agosto","septiembre","octubre","noviembre","diciembre"},LOWER(A10))),0), 1,2,3,4,5,6,7,8,9,10,11,12)} -> 6 | F10: =_xlfn.CONCAT(E10,"/1/",D10) -> 6/1/2025 | G10: =TRIM(CLEAN( SUBSTITUTE( SUBSTITUTE( SUBSTITUTE( SUBSTITUTE(C10, CHAR(160), ""), _xlfn.UNICHAR(8203), "" ), "/kg", "" ), "$", "" ) )) -> 27.863,50 | H10: =SUBSTITUTE(G10, ",", ".") -> 27.863.50 | I10: =SUBSTITUTE(H10, ".", "", 1) -> 27863.50 | J10: =VALUE(I10) -> 27863.5 | K10: =VALUE(J10) -> 27863.5
A11: 26 de mayo al 1 de junio de 2025​​​​ | B11: 26 al 1 | C11: ​​$31.486,50​​/kg​ | D11: =IFERROR(MID(A11,FIND("202",A11),4),"") -> 2025 | E11: {=CHOOSE(MATCH(TRUE,ISNUMBER(SEARCH({"enero","febrero","marzo","abril","mayo","junio","julio","agosto","septiembre","octubre","noviembre","diciembre"},LOWER(A11))),0), 1,2,3,4,5,6,7,8,9,10,11,12)} -> 5 | F11: =_xlfn.CONCAT(E11,"/1/",D11) -> 5/1/2025 | G11: =TRIM(CLEAN( SUBSTITUTE( SUBSTITUTE( SUBSTITUTE( SUBSTITUTE(C11, CHAR(160), ""), _xlfn.UNICHAR(8203), "" ), "/kg", "" ), "$", "" ) )) -> 31.486,50 | H11: =SUBSTITUTE(G11, ",", ".") -> 31.486.50 | I11: =SUBSTITUTE(H11, ".", "", 1) -> 31486.50 | J11: =VALUE(I11) -> 31486.5 | K11: =VALUE(J11) -> 31486.5
A12: 19 al 25 de mayo de 2025​​​​ | B12: =LEFT(A12, FIND("de", A12)-2) -> 19 al 25 | C12: ​​$30.397,00​/kg​ | D12: =IFERROR(MID(A12,FIND("202",A12),4),"") -> 2025 | E12: {=CHOOSE(MATCH(TRUE,ISNUMBER(SEARCH({"enero","febrero","marzo","abril","mayo","junio","julio","agosto","septiembre","octubre","noviembre","diciembre"},LOWER(A12))),0), 1,2,3,4,5,6,7,8,9,10,11,12)} -> 5 | F12: =_xlfn.CONCAT(E12,"/1/",D12) -> 5/1/2025 | G12: =TRIM(CLEAN( SUBSTITUTE( SUBSTITUTE( SUBSTITUTE( SUBSTITUTE(C12, CHAR(160), ""), _xlfn.UNICHAR(8203), "" ), "/kg", "" ), "$", "" ) )) -> 30.397,00 | H12: =SUBSTITUTE(G12, ",", ".") -> 30.397.00 | I12: =SUBSTITUTE(H12, ".", "", 1) -> 30397.00 | J12: =VALUE(I12) -> 30397 | K12: =VALUE(J12) -> 30397
A13: 12 al 18 de mayo de 2025​​​​ | B13: =LEFT(A13, FIND("de", A13)-2) -> 12 al 18 | C13: ​​$28.050,80​​/kg​ | D13: =IFERROR(MID(A13,FIND("202",A13),4),"") -> 2025 | E13: {=CHOOSE(MATCH(TRUE,ISNUMBER(SEARCH({"enero","febrero","marzo","abril","mayo","junio","julio","agosto","septiembre","octubre","noviembre","diciembre"},LOWER(A13))),0), 1,2,3,4,5,6,7,8,9,10,11,12)} -> 5 | F13: =_xlfn.CONCAT(E13,"/1/",D13) -> 5/1/2025 | G13: =TRIM(CLEAN( SUBSTITUTE( SUBSTITUTE( SUBSTITUTE( SUBSTITUTE(C13, CHAR(160), ""), _xlfn.UNICHAR(8203), "" ), "/kg", "" ), "$", "" ) )) -> 28.050,80 | H13: =SUBSTITUTE(G13, ",", ".") -> 28.050.80 | I13: =SUBSTITUTE(H13, ".", "", 1) -> 28050.80 | J13: =VALUE(I13) -> 28050.8 | K13: =VALUE(J13) -> 28050.8
A14: 5 al 11 de mayo de 2025​​​​ | B14: =LEFT(A14, FIND("de", A14)-2) -> 5 al 11 | C14: ​​$27.484,20​/kg​ | D14: =IFERROR(MID(A14,FIND("202",A14),4),"") -> 2025 | E14: {=CHOOSE(MATCH(TRUE,ISNUMBER(SEARCH({"enero","febrero","marzo","abril","mayo","junio","julio","agosto","septiembre","octubre","noviembre","diciembre"},LOWER(A14))),0), 1,2,3,4,5,6,7,8,9,10,11,12)} -> 5 | F14: =_xlfn.CONCAT(E14,"/1/",D14) -> 5/1/2025 | G14: =TRIM(CLEAN( SUBSTITUTE( SUBSTITUTE( SUBSTITUTE( SUBSTITUTE(C14, CHAR(160), ""), _xlfn.UNICHAR(8203), "" ), "/kg", "" ), "$", "" ) )) -> 27.484,20 | H14: =SUBSTITUTE(G14, ",", ".") -> 27.484.20 | I14: =SUBSTITUTE(H14, ".", "", 1) -> 27484.20 | J14: =VALUE(I14) -> 27484.2 | K14: =VALUE(J14) -> 27484.2
A15: 28 de abril al 4 de mayo de 2025​​​​ | B15: 28 al 4 | C15: ​​$27.686,70​​​/kg​ | D15: =IFERROR(MID(A15,FIND("202",A15),4),"") -> 2025 | E15: {=CHOOSE(MATCH(TRUE,ISNUMBER(SEARCH({"enero","febrero","marzo","abril","mayo","junio","julio","agosto","septiembre","octubre","noviembre","diciembre"},LOWER(A15))),0), 1,2,3,4,5,6,7,8,9,10,11,12)} -> 4 | F15: =_xlfn.CONCAT(E15,"/1/",D15) -> 4/1/2025 | G15: =TRIM(CLEAN( SUBSTITUTE( SUBSTITUTE( SUBSTITUTE( SUBSTITUTE(C15, CHAR(160), ""), _xlfn.UNICHAR(8203), "" ), "/kg", "" ), "$", "" ) )) -> 27.686,70 | H15: =SUBSTITUTE(G15, ",", ".") -> 27.686.70 | I15: =SUBSTITUTE(H15, ".", "", 1) -> 27686.70 | J15: =VALUE(I15) -> 27686.7 | K15: =VALUE(J15) -> 27686.7
A16: 21 al 27 de abril de 2025​​​ | B16: =LEFT(A16, FIND("de", A16)-2) -> 21 al 27 | C16: ​​$25.759,30​​/kg​ | D16: =IFERROR(MID(A16,FIND("202",A16),4),"") -> 2025 | E16: {=CHOOSE(MATCH(TRUE,ISNUMBER(SEARCH({"enero","febrero","marzo","abril","mayo","junio","julio","agosto","septiembre","octubre","noviembre","diciembre"},LOWER(A16))),0), 1,2,3,4,5,6,7,8,9,10,11,12)} -> 4 | F16: =_xlfn.CONCAT(E16,"/1/",D16) -> 4/1/2025 | G16: =TRIM(CLEAN( SUBSTITUTE( SUBSTITUTE( SUBSTITUTE( SUBSTITUTE(C16, CHAR(160), ""), _xlfn.UNICHAR(8203), "" ), "/kg", "" ), "$", "" ) )) -> 25.759,30 | H16: =SUBSTITUTE(G16, ",", ".") -> 25.759.30 | I16: =SUBSTITUTE(H16, ".", "", 1) -> 25759.30 | J16: =VALUE(I16) -> 25759.3 | K16: =VALUE(J16) -> 25759.3
A17: 14 al 20 de abril de 2025​​​ | B17: =LEFT(A17, FIND("de", A17)-2) -> 14 al 20 | C17: ​​$25.156,00​/kg​ | D17: =IFERROR(MID(A17,FIND("202",A17),4),"") -> 2025 | E17: {=CHOOSE(MATCH(TRUE,ISNUMBER(SEARCH({"enero","febrero","marzo","abril","mayo","junio","julio","agosto","septiembre","octubre","noviembre","diciembre"},LOWER(A17))),0), 1,2,3,4,5,6,7,8,9,10,11,12)} -> 4 | F17: =_xlfn.CONCAT(E17,"/1/",D17) -> 4/1/2025 | G17: =TRIM(CLEAN( SUBSTITUTE( SUBSTITUTE( SUBSTITUTE( SUBSTITUTE(C17, CHAR(160), ""), _xlfn.UNICHAR(8203), "" ), "/kg", "" ), "$", "" ) )) -> 25.156,00 | H17: =SUBSTITUTE(G17, ",", ".") -> 25.156.00 | I17: =SUBSTITUTE(H17, ".", "", 1) -> 25156.00 | J17: =VALUE(I17) -> 25156 | K17: =VALUE(J17) -> 25156
A18: 7 al 13 de abril de 2025​​​ | B18: =LEFT(A18, FIND("de", A18)-2) -> 7 al 13 | C18: ​​$23.842,20​/kg​ | D18: =IFERROR(MID(A18,FIND("202",A18),4),"") -> 2025 | E18: {=CHOOSE(MATCH(TRUE,ISNUMBER(SEARCH({"enero","febrero","marzo","abril","mayo","junio","julio","agosto","septiembre","octubre","noviembre","diciembre"},LOWER(A18))),0), 1,2,3,4,5,6,7,8,9,10,11,12)} -> 4 | F18: =_xlfn.CONCAT(E18,"/1/",D18) -> 4/1/2025 | G18: =TRIM(CLEAN( SUBSTITUTE( SUBSTITUTE( SUBSTITUTE( SUBSTITUTE(C18, CHAR(160), ""), _xlfn.UNICHAR(8203), "" ), "/kg", "" ), "$", "" ) )) -> 23.842,20 | H18: =SUBSTITUTE(G18, ",", ".") -> 23.842.20 | I18: =SUBSTITUTE(H18, ".", "", 1) -> 23842.20 | J18: =VALUE(I18) -> 23842.2 | K18: =VALUE(J18) -> 23842.2
A19: 31 de marzo al 6 de abril de 2025​​​ | B19: 31 al 6 | C19: ​​$23.407,50/kg​ | D19: =IFERROR(MID(A19,FIND("202",A19),4),"") -> 2025 | E19: {=CHOOSE(MATCH(TRUE,ISNUMBER(SEARCH({"enero","febrero","marzo","abril","mayo","junio","julio","agosto","septiembre","octubre","noviembre","diciembre"},LOWER(A19))),0), 1,2,3,4,5,6,7,8,9,10,11,12)} -> 3 | F19: =_xlfn.CONCAT(E19,"/1/",D19) -> 3/1/2025 | G19: =TRIM(CLEAN( SUBSTITUTE( SUBSTITUTE( SUBSTITUTE( SUBSTITUTE(C19, CHAR(160), ""), _xlfn.UNICHAR(8203), "" ), "/kg", "" ), "$", "" ) )) -> 23.407,50 | H19: =SUBSTITUTE(G19, ",", ".") -> 23.407.50 | I19: =SUBSTITUTE(H19, ".", "", 1) -> 23407.50 | J19: =VALUE(I19) -> 23407.5 | K19: =VALUE(J19) -> 23407.5
A20: 24 al 30 de marzo de 2025​​​ | B20: =LEFT(A20, FIND("de", A20)-2) -> 24 al 30 | C20: ​​$23.730,80/kg​ | D20: =IFERROR(MID(A20,FIND("202",A20),4),"") -> 2025 | E20: {=CHOOSE(MATCH(TRUE,ISNUMBER(SEARCH({"enero","febrero","marzo","abril","mayo","junio","julio","agosto","septiembre","octubre","noviembre","diciembre"},LOWER(A20))),0), 1,2,3,4,5,6,7,8,9,10,11,12)} -> 3 | F20: =_xlfn.CONCAT(E20,"/1/",D20) -> 3/1/2025 | G20: =TRIM(CLEAN( SUBSTITUTE( SUBSTITUTE( SUBSTITUTE( SUBSTITUTE(C20, CHAR(160), ""), _xlfn.UNICHAR(8203), "" ), "/kg", "" ), "$", "" ) )) -> 23.730,80 | H20: =SUBSTITUTE(G20, ",", ".") -> 23.730.80 | I20: =SUBSTITUTE(H20, ".", "", 1) -> 23730.80 | J20: =VALUE(I20) -> 23730.8 | K20: =VALUE(J20) -> 23730.8
A21: 17 al 23 de marzo de 2025​​​ | B21: =LEFT(A21, FIND("de", A21)-2) -> 17 al 23 | C21: ​​$22.958,20/kg​ | D21: =IFERROR(MID(A21,FIND("202",A21),4),"") -> 2025 | E21: {=CHOOSE(MATCH(TRUE,ISNUMBER(SEARCH({"enero","febrero","marzo","abril","mayo","junio","julio","agosto","septiembre","octubre","noviembre","diciembre"},LOWER(A21))),0), 1,2,3,4,5,6,7,8,9,10,11,12)} -> 3 | F21: =_xlfn.CONCAT(E21,"/1/",D21) -> 3/1/2025 | G21: =TRIM(CLEAN( SUBSTITUTE( SUBSTITUTE( SUBSTITUTE( SUBSTITUTE(C21, CHAR(160), ""), _xlfn.UNICHAR(8203), "" ), "/kg", "" ), "$", "" ) )) -> 22.958,20 | H21: =SUBSTITUTE(G21, ",", ".") -> 22.958.20 | I21: =SUBSTITUTE(H21, ".", "", 1) -> 22958.20 | J21: =VALUE(I21) -> 22958.2 | K21: =VALUE(J21) -> 22958.2
A22: ​10 al 17 de marzo de 2025​​​ | B22: =LEFT(A22, FIND("de", A22)-2) -> ​10 al 17 | C22: ​​$23.462,80/kg​ | D22: =IFERROR(MID(A22,FIND("202",A22),4),"") -> 2025 | E22: {=CHOOSE(MATCH(TRUE,ISNUMBER(SEARCH({"enero","febrero","marzo","abril","mayo","junio","julio","agosto","septiembre","octubre","noviembre","diciembre"},LOWER(A22))),0), 1,2,3,4,5,6,7,8,9,10,11,12)} -> 3 | F22: =_xlfn.CONCAT(E22,"/1/",D22) -> 3/1/2025 | G22: =TRIM(CLEAN( SUBSTITUTE( SUBSTITUTE( SUBSTITUTE( SUBSTITUTE(C22, CHAR(160), ""), _xlfn.UNICHAR(8203), "" ), "/kg", "" ), "$", "" ) )) -> 23.462,80 | H22: =SUBSTITUTE(G22, ",", ".") -> 23.462.80 | I22: =SUBSTITUTE(H22, ".", "", 1) -> 23462.80 | J22: =VALUE(I22) -> 23462.8 | K22: =VALUE(J22) -> 23462.8
A23: 3 al 9 de marzo de 2025​​ | B23: =LEFT(A23, FIND("de", A23)-2) -> 3 al 9 | C23: ​​$26.468,30​​​​/kg | D23: =IFERROR(MID(A23,FIND("202",A23),4),"") -> 2025 | E23: {=CHOOSE(MATCH(TRUE,ISNUMBER(SEARCH({"enero","febrero","marzo","abril","mayo","junio","julio","agosto","septiembre","octubre","noviembre","diciembre"},LOWER(A23))),0), 1,2,3,4,5,6,7,8,9,10,11,12)} -> 3 | F23: =_xlfn.CONCAT(E23,"/1/",D23) -> 3/1/2025 | G23: =TRIM(CLEAN( SUBSTITUTE( SUBSTITUTE( SUBSTITUTE( SUBSTITUTE(C23, CHAR(160), ""), _xlfn.UNICHAR(8203), "" ), "/kg", "" ), "$", "" ) )) -> 26.468,30 | H23: =SUBSTITUTE(G23, ",", ".") -> 26.468.30 | I23: =SUBSTITUTE(H23, ".", "", 1) -> 26468.30 | J23: =VALUE(I23) -> 26468.3 | K23: =VALUE(J23) -> 26468.3
A24: 24 de febrero al 2 de marzo de 2025​​ | B24: 24 al 2 | C24: ​​$28.345,00/kg​​​​​​ | D24: =IFERROR(MID(A24,FIND("202",A24),4),"") -> 2025 | E24: {=CHOOSE(MATCH(TRUE,ISNUMBER(SEARCH({"enero","febrero","marzo","abril","mayo","junio","julio","agosto","septiembre","octubre","noviembre","diciembre"},LOWER(A24))),0), 1,2,3,4,5,6,7,8,9,10,11,12)} -> 2 | F24: =_xlfn.CONCAT(E24,"/1/",D24) -> 2/1/2025 | G24: =TRIM(CLEAN( SUBSTITUTE( SUBSTITUTE( SUBSTITUTE( SUBSTITUTE(C24, CHAR(160), ""), _xlfn.UNICHAR(8203), "" ), "/kg", "" ), "$", "" ) )) -> 28.345,00 | H24: =SUBSTITUTE(G24, ",", ".") -> 28.345.00 | I24: =SUBSTITUTE(H24, ".", "", 1) -> 28345.00 | J24: =VALUE(I24) -> 28345 | K24: =VALUE(J24) -> 28345
A25: 17 al 23 de febrero de 2025​ | B25: =LEFT(A25, FIND("de", A25)-2) -> 17 al 23 | C25: ​​$30.533,70/kg​​​​​​ | D25: =IFERROR(MID(A25,FIND("202",A25),4),"") -> 2025 | E25: {=CHOOSE(MATCH(TRUE,ISNUMBER(SEARCH({"enero","febrero","marzo","abril","mayo","junio","julio","agosto","septiembre","octubre","noviembre","diciembre"},LOWER(A25))),0), 1,2,3,4,5,6,7,8,9,10,11,12)} -> 2 | F25: =_xlfn.CONCAT(E25,"/1/",D25) -> 2/1/2025 | G25: =TRIM(CLEAN( SUBSTITUTE( SUBSTITUTE( SUBSTITUTE( SUBSTITUTE(C25, CHAR(160), ""), _xlfn.UNICHAR(8203), "" ), "/kg", "" ), "$", "" ) )) -> 30.533,70 | H25: =SUBSTITUTE(G25, ",", ".") -> 30.533.70 | I25: =SUBSTITUTE(H25, ".", "", 1) -> 30533.70 | J25: =VALUE(I25) -> 30533.7 | K25: =VALUE(J25) -> 30533.7
A26: 10 al 16 de febrero de 2025​ | B26: =LEFT(A26, FIND("de", A26)-2) -> 10 al 16 | C26: ​​$31.623,50/kg​​​​ | D26: =IFERROR(MID(A26,FIND("202",A26),4),"") -> 2025 | E26: {=CHOOSE(MATCH(TRUE,ISNUMBER(SEARCH({"enero","febrero","marzo","abril","mayo","junio","julio","agosto","septiembre","octubre","noviembre","diciembre"},LOWER(A26))),0), 1,2,3,4,5,6,7,8,9,10,11,12)} -> 2 | F26: =_xlfn.CONCAT(E26,"/1/",D26) -> 2/1/2025 | G26: =TRIM(CLEAN( SUBSTITUTE( SUBSTITUTE( SUBSTITUTE( SUBSTITUTE(C26, CHAR(160), ""), _xlfn.UNICHAR(8203), "" ), "/kg", "" ), "$", "" ) )) -> 31.623,50 | H26: =SUBSTITUTE(G26, ",", ".") -> 31.623.50 | I26: =SUBSTITUTE(H26, ".", "", 1) -> 31623.50 | J26: =VALUE(I26) -> 31623.5 | K26: =VALUE(J26) -> 31623.5
A27: 3 al 9 de febrero de 2025​ | B27: =LEFT(A27, FIND("de", A27)-2) -> 3 al 9 | C27: ​​$33.611,00/kg​​​​ | D27: =IFERROR(MID(A27,FIND("202",A27),4),"") -> 2025 | E27: {=CHOOSE(MATCH(TRUE,ISNUMBER(SEARCH({"enero","febrero","marzo","abril","mayo","junio","julio","agosto","septiembre","octubre","noviembre","diciembre"},LOWER(A27))),0), 1,2,3,4,5,6,7,8,9,10,11,12)} -> 2 | F27: =_xlfn.CONCAT(E27,"/1/",D27) -> 2/1/2025 | G27: =TRIM(CLEAN( SUBSTITUTE( SUBSTITUTE( SUBSTITUTE( SUBSTITUTE(C27, CHAR(160), ""), _xlfn.UNICHAR(8203), "" ), "/kg", "" ), "$", "" ) )) -> 33.611,00 | H27: =SUBSTITUTE(G27, ",", ".") -> 33.611.00 | I27: =SUBSTITUTE(H27, ".", "", 1) -> 33611.00 | J27: =VALUE(I27) -> 33611 | K27: =VALUE(J27) -> 33611
A28: 27 enero al 2 de febrero de 2025 | B28: 27 al 2 | C28: ​​$33.831,30/kg​​​​ | D28: =IFERROR(MID(A28,FIND("202",A28),4),"") -> 2025 | E28: {=CHOOSE(MATCH(TRUE,ISNUMBER(SEARCH({"enero","febrero","marzo","abril","mayo","junio","julio","agosto","septiembre","octubre","noviembre","diciembre"},LOWER(A28))),0), 1,2,3,4,5,6,7,8,9,10,11,12)} -> 1 | F28: =_xlfn.CONCAT(E28,"/1/",D28) -> 1/1/2025 | G28: =TRIM(CLEAN( SUBSTITUTE( SUBSTITUTE( SUBSTITUTE( SUBSTITUTE(C28, CHAR(160), ""), _xlfn.UNICHAR(8203), "" ), "/kg", "" ), "$", "" ) )) -> 33.831,30 | H28: =SUBSTITUTE(G28, ",", ".") -> 33.831.30 | I28: =SUBSTITUTE(H28, ".", "", 1) -> 33831.30 | J28: =VALUE(I28) -> 33831.3 | K28: =VALUE(J28) -> 33831.3
A29: 20 al 26 de enero de 2025 | B29: =LEFT(A29, FIND("de", A29)-2) -> 20 al 26 | C29: ​​$33.817,80​​​​/kg​ | D29: =IFERROR(MID(A29,FIND("202",A29),4),"") -> 2025 | E29: {=CHOOSE(MATCH(TRUE,ISNUMBER(SEARCH({"enero","febrero","marzo","abril","mayo","junio","julio","agosto","septiembre","octubre","noviembre","diciembre"},LOWER(A29))),0), 1,2,3,4,5,6,7,8,9,10,11,12)} -> 1 | F29: =_xlfn.CONCAT(E29,"/1/",D29) -> 1/1/2025 | G29: =TRIM(CLEAN( SUBSTITUTE( SUBSTITUTE( SUBSTITUTE( SUBSTITUTE(C29, CHAR(160), ""), _xlfn.UNICHAR(8203), "" ), "/kg", "" ), "$", "" ) )) -> 33.817,80 | H29: =SUBSTITUTE(G29, ",", ".") -> 33.817.80 | I29: =SUBSTITUTE(H29, ".", "", 1) -> 33817.80 | J29: =VALUE(I29) -> 33817.8 | K29: =VALUE(J29) -> 33817.8
A30: 13 al 19 de enero de 2025 | B30: =LEFT(A30, FIND("de", A30)-2) -> 13 al 19 | C30: ​​$34.229,20​​​​/kg | D30: =IFERROR(MID(A30,FIND("202",A30),4),"") -> 2025 | E30: {=CHOOSE(MATCH(TRUE,ISNUMBER(SEARCH({"enero","febrero","marzo","abril","mayo","junio","julio","agosto","septiembre","octubre","noviembre","diciembre"},LOWER(A30))),0), 1,2,3,4,5,6,7,8,9,10,11,12)} -> 1 | F30: =_xlfn.CONCAT(E30,"/1/",D30) -> 1/1/2025 | G30: =TRIM(CLEAN( SUBSTITUTE( SUBSTITUTE( SUBSTITUTE( SUBSTITUTE(C30, CHAR(160), ""), _xlfn.UNICHAR(8203), "" ), "/kg", "" ), "$", "" ) )) -> 34.229,20 | H30: =SUBSTITUTE(G30, ",", ".") -> 34.229.20 | I30: =SUBSTITUTE(H30, ".", "", 1) -> 34229.20 | J30: =VALUE(I30) -> 34229.2 | K30: =VALUE(J30) -> 34229.2
A31: 6 al 12 de enero de 2025 | B31: =LEFT(A31, FIND("de", A31)-2) -> 6 al 12 | C31: ​​$34.633,50​​​​​/kg | D31: =IFERROR(MID(A31,FIND("202",A31),4),"") -> 2025 | E31: {=CHOOSE(MATCH(TRUE,ISNUMBER(SEARCH({"enero","febrero","marzo","abril","mayo","junio","julio","agosto","septiembre","octubre","noviembre","diciembre"},LOWER(A31))),0), 1,2,3,4,5,6,7,8,9,10,11,12)} -> 1 | F31: =_xlfn.CONCAT(E31,"/1/",D31) -> 1/1/2025 | G31: =TRIM(CLEAN( SUBSTITUTE( SUBSTITUTE( SUBSTITUTE( SUBSTITUTE(C31, CHAR(160), ""), _xlfn.UNICHAR(8203), "" ), "/kg", "" ), "$", "" ) )) -> 34.633,50 | H31: =SUBSTITUTE(G31, ",", ".") -> 34.633.50 | I31: =SUBSTITUTE(H31, ".", "", 1) -> 34633.50 | J31: =VALUE(I31) -> 34633.5 | K31: =VALUE(J31) -> 34633.5
A32: 30 diciembre de 2024 al 5 enero de 2025 | B32: 30 al 5 | C32: ​​$34.900,80​​​​ | D32: =IFERROR(MID(A32,FIND("202",A32),4),"") -> 2024 | E32: {=CHOOSE(MATCH(TRUE,ISNUMBER(SEARCH({"enero","febrero","marzo","abril","mayo","junio","julio","agosto","septiembre","octubre","noviembre","diciembre"},LOWER(A32))),0), 1,2,3,4,5,6,7,8,9,10,11,12)} -> 1 | F32: =_xlfn.CONCAT(E32,"/1/",D32) -> 1/1/2024 | G32: =TRIM(CLEAN( SUBSTITUTE( SUBSTITUTE( SUBSTITUTE( SUBSTITUTE(C32, CHAR(160), ""), _xlfn.UNICHAR(8203), "" ), "/kg", "" ), "$", "" ) )) -> 34.900,80 | H32: =SUBSTITUTE(G32, ",", ".") -> 34.900.80 | I32: =SUBSTITUTE(H32, ".", "", 1) -> 34900.80 | J32: =VALUE(I32) -> 34900.8 | K32: =VALUE(J32) -> 34900.8
A33: 16 al 22 ​d​e diciembre ​​​​de 2024 ​​​​​​​​​​​​​​ | B33: 26 al 22 | C33: ​​$33.968.​​​3​0​​​​ | D33: =IFERROR(MID(A33,FIND("202",A33),4),"") -> 2024 | E33: {=CHOOSE(MATCH(TRUE,ISNUMBER(SEARCH({"enero","febrero","marzo","abril","mayo","junio","julio","agosto","septiembre","octubre","noviembre","diciembre"},LOWER(A33))),0), 1,2,3,4,5,6,7,8,9,10,11,12)} -> 12 | F33: =_xlfn.CONCAT(E33,"/1/",D33) -> 12/1/2024 | G33: =TRIM(CLEAN( SUBSTITUTE( SUBSTITUTE( SUBSTITUTE( SUBSTITUTE(C33, CHAR(160), ""), _xlfn.UNICHAR(8203), "" ), "/kg", "" ), "$", "" ) )) -> 33.968.30 | H33: =SUBSTITUTE(G33, ",", ".") -> 33.968.30 | I33: =SUBSTITUTE(H33, ".", "", 1) -> 33968.30 | J33: =VALUE(I33) -> 33968.3 | K33: =VALUE(J33) -> 33968.3
A34: 09 al 15 ​d​e diciembre ​​​​de 2024 ​​​​​​​​​​​​​​ | B34: 9 al 15 | C34: ​​$32.459.​​​70​​​​ | D34: =IFERROR(MID(A34,FIND("202",A34),4),"") -> 2024 | E34: {=CHOOSE(MATCH(TRUE,ISNUMBER(SEARCH({"enero","febrero","marzo","abril","mayo","junio","julio","agosto","septiembre","octubre","noviembre","diciembre"},LOWER(A34))),0), 1,2,3,4,5,6,7,8,9,10,11,12)} -> 12 | F34: =_xlfn.CONCAT(E34,"/1/",D34) -> 12/1/2024 | G34: =TRIM(CLEAN( SUBSTITUTE( SUBSTITUTE( SUBSTITUTE( SUBSTITUTE(C34, CHAR(160), ""), _xlfn.UNICHAR(8203), "" ), "/kg", "" ), "$", "" ) )) -> 32.459.70 | H34: =SUBSTITUTE(G34, ",", ".") -> 32.459.70 | I34: =SUBSTITUTE(H34, ".", "", 1) -> 32459.70 | J34: =VALUE(I34) -> 32459.7 | K34: =VALUE(J34) -> 32459.7
A35: 02 al 08 ​d​e diciem​​bre ​​​​de 2024 ​​​​​​​​​​​​​​ | B35: 2 al 8 | C35: ​​$32.570.​​​70​​​​ | D35: =IFERROR(MID(A35,FIND("202",A35),4),"") -> 2024 | E35: 12 | F35: =_xlfn.CONCAT(E35,"/1/",D35) -> 12/1/2024 | G35: =TRIM(CLEAN( SUBSTITUTE( SUBSTITUTE( SUBSTITUTE( SUBSTITUTE(C35, CHAR(160), ""), _xlfn.UNICHAR(8203), "" ), "/kg", "" ), "$", "" ) )) -> 32.570.70 | H35: =SUBSTITUTE(G35, ",", ".") -> 32.570.70 | I35: =SUBSTITUTE(H35, ".", "", 1) -> 32570.70 | J35: =VALUE(I35) -> 32570.7 | K35: =VALUE(J35) -> 32570.7
A36: 25 de noviembre al 01 ​d​​​e diciembre ​​​​de 2024 ​​​​​​​​​​​​​​ | B36: 25 al 1 | C36: ​​$32.570.​​​00​​​​ | D36: =IFERROR(MID(A36,FIND("202",A36),4),"") -> 2024 | E36: {=CHOOSE(MATCH(TRUE,ISNUMBER(SEARCH({"enero","febrero","marzo","abril","mayo","junio","julio","agosto","septiembre","octubre","noviembre","diciembre"},LOWER(A36))),0), 1,2,3,4,5,6,7,8,9,10,11,12)} -> 11 | F36: =_xlfn.CONCAT(E36,"/1/",D36) -> 11/1/2024 | G36: =TRIM(CLEAN( SUBSTITUTE( SUBSTITUTE( SUBSTITUTE( SUBSTITUTE(C36, CHAR(160), ""), _xlfn.UNICHAR(8203), "" ), "/kg", "" ), "$", "" ) )) -> 32.570.00 | H36: =SUBSTITUTE(G36, ",", ".") -> 32.570.00 | I36: =SUBSTITUTE(H36, ".", "", 1) -> 32570.00 | J36: =VALUE(I36) -> 32570 | K36: =VALUE(J36) -> 32570
A37: 18 al 24 ​d​e noviembre ​​​​de 2024 ​​​​​​​​​​​​​​ | B37: 18 al 24 | C37: ​​$31.529.​​​20​​​​ | D37: =IFERROR(MID(A37,FIND("202",A37),4),"") -> 2024 | E37: {=CHOOSE(MATCH(TRUE,ISNUMBER(SEARCH({"enero","febrero","marzo","abril","mayo","junio","julio","agosto","septiembre","octubre","noviembre","diciembre"},LOWER(A37))),0), 1,2,3,4,5,6,7,8,9,10,11,12)} -> 11 | F37: =_xlfn.CONCAT(E37,"/1/",D37) -> 11/1/2024 | G37: =TRIM(CLEAN( SUBSTITUTE( SUBSTITUTE( SUBSTITUTE( SUBSTITUTE(C37, CHAR(160), ""), _xlfn.UNICHAR(8203), "" ), "/kg", "" ), "$", "" ) )) -> 31.529.20 | H37: =SUBSTITUTE(G37, ",", ".") -> 31.529.20 | I37: =SUBSTITUTE(H37, ".", "", 1) -> 31529.20 | J37: =VALUE(I37) -> 31529.2 | K37: =VALUE(J37) -> 31529.2
A38: ​11 al 17 ​d​e noviembre ​​​​de 2024 ​​​​​​​​​​​​​​ | B38: 11 al 17 | C38: ​​$30.069.​​​20​​​​ | D38: =IFERROR(MID(A38,FIND("202",A38),4),"") -> 2024 | E38: {=CHOOSE(MATCH(TRUE,ISNUMBER(SEARCH({"enero","febrero","marzo","abril","mayo","junio","julio","agosto","septiembre","octubre","noviembre","diciembre"},LOWER(A38))),0), 1,2,3,4,5,6,7,8,9,10,11,12)} -> 11 | F38: =_xlfn.CONCAT(E38,"/1/",D38) -> 11/1/2024 | G38: =TRIM(CLEAN( SUBSTITUTE( SUBSTITUTE( SUBSTITUTE( SUBSTITUTE(C38, CHAR(160), ""), _xlfn.UNICHAR(8203), "" ), "/kg", "" ), "$", "" ) )) -> 30.069.20 | H38: =SUBSTITUTE(G38, ",", ".") -> 30.069.20 | I38: =SUBSTITUTE(H38, ".", "", 1) -> 30069.20 | J38: =VALUE(I38) -> 30069.2 | K38: =VALUE(J38) -> 30069.2
A39: 04 al 10 ​d​e noviembre ​​​​de 2024 ​​​​​​​​​​​​​​ | B39: 4 al 10 | C39: ​​$31.241.​​​3​​​​0​​​​ | D39: =IFERROR(MID(A39,FIND("202",A39),4),"") -> 2024 | E39: {=CHOOSE(MATCH(TRUE,ISNUMBER(SEARCH({"enero","febrero","marzo","abril","mayo","junio","julio","agosto","septiembre","octubre","noviembre","diciembre"},LOWER(A39))),0), 1,2,3,4,5,6,7,8,9,10,11,12)} -> 11 | F39: =_xlfn.CONCAT(E39,"/1/",D39) -> 11/1/2024 | G39: =TRIM(CLEAN( SUBSTITUTE( SUBSTITUTE( SUBSTITUTE( SUBSTITUTE(C39, CHAR(160), ""), _xlfn.UNICHAR(8203), "" ), "/kg", "" ), "$", "" ) )) -> 31.241.30 | H39: =SUBSTITUTE(G39, ",", ".") -> 31.241.30 | I39: =SUBSTITUTE(H39, ".", "", 1) -> 31241.30 | J39: =VALUE(I39) -> 31241.3 | K39: =VALUE(J39) -> 31241.3
A40: 28 de octubre al 03 ​d​e noviembre ​​​​de 2024 ​​​​​​​​​​​​​​ | B40: 28 al 3 | C40: ​​$29.553.​​​7​​​0​​​​ | D40: =IFERROR(MID(A40,FIND("202",A40),4),"") -> 2024 | E40: {=CHOOSE(MATCH(TRUE,ISNUMBER(SEARCH({"enero","febrero","marzo","abril","mayo","junio","julio","agosto","septiembre","octubre","noviembre","diciembre"},LOWER(A40))),0), 1,2,3,4,5,6,7,8,9,10,11,12)} -> 10 | F40: =_xlfn.CONCAT(E40,"/1/",D40) -> 10/1/2024 | G40: =TRIM(CLEAN( SUBSTITUTE( SUBSTITUTE( SUBSTITUTE( SUBSTITUTE(C40, CHAR(160), ""), _xlfn.UNICHAR(8203), "" ), "/kg", "" ), "$", "" ) )) -> 29.553.70 | H40: =SUBSTITUTE(G40, ",", ".") -> 29.553.70 | I40: =SUBSTITUTE(H40, ".", "", 1) -> 29553.70 | J40: =VALUE(I40) -> 29553.7 | K40: =VALUE(J40) -> 29553.7
A41: 21 al 27 ​d​e octubre ​​​​de 2024 ​​​​​​​​​​​​​​ | B41: 21 al 27 | C41: ​​$32.445.​​​0​​​0​​​​ | D41: =IFERROR(MID(A41,FIND("202",A41),4),"") -> 2024 | E41: {=CHOOSE(MATCH(TRUE,ISNUMBER(SEARCH({"enero","febrero","marzo","abril","mayo","junio","julio","agosto","septiembre","octubre","noviembre","diciembre"},LOWER(A41))),0), 1,2,3,4,5,6,7,8,9,10,11,12)} -> 10 | F41: =_xlfn.CONCAT(E41,"/1/",D41) -> 10/1/2024 | G41: =TRIM(CLEAN( SUBSTITUTE( SUBSTITUTE( SUBSTITUTE( SUBSTITUTE(C41, CHAR(160), ""), _xlfn.UNICHAR(8203), "" ), "/kg", "" ), "$", "" ) )) -> 32.445.00 | H41: =SUBSTITUTE(G41, ",", ".") -> 32.445.00 | I41: =SUBSTITUTE(H41, ".", "", 1) -> 32445.00 | J41: =VALUE(I41) -> 32445 | K41: =VALUE(J41) -> 32445
A42: 14 al 20 ​d​e octubre ​​​​de 2024 ​​​​​​​​​​​​​​ | B42: 14 al 20 | C42: ​​$30.178.​​​30​​​​ | D42: =IFERROR(MID(A42,FIND("202",A42),4),"") -> 2024 | E42: {=CHOOSE(MATCH(TRUE,ISNUMBER(SEARCH({"enero","febrero","marzo","abril","mayo","junio","julio","agosto","septiembre","octubre","noviembre","diciembre"},LOWER(A42))),0), 1,2,3,4,5,6,7,8,9,10,11,12)} -> 10 | F42: =_xlfn.CONCAT(E42,"/1/",D42) -> 10/1/2024 | G42: =TRIM(CLEAN( SUBSTITUTE( SUBSTITUTE( SUBSTITUTE( SUBSTITUTE(C42, CHAR(160), ""), _xlfn.UNICHAR(8203), "" ), "/kg", "" ), "$", "" ) )) -> 30.178.30 | H42: =SUBSTITUTE(G42, ",", ".") -> 30.178.30 | I42: =SUBSTITUTE(H42, ".", "", 1) -> 30178.30 | J42: =VALUE(I42) -> 30178.3 | K42: =VALUE(J42) -> 30178.3
A43: 07 al 13 d​e octubre ​​​​de 2024 ​​​​​​​​​​​​​​ | B43: 7 al 13 | C43: ​​$29.845.​0​​​0​​​​ | D43: =IFERROR(MID(A43,FIND("202",A43),4),"") -> 2024 | E43: {=CHOOSE(MATCH(TRUE,ISNUMBER(SEARCH({"enero","febrero","marzo","abril","mayo","junio","julio","agosto","septiembre","octubre","noviembre","diciembre"},LOWER(A43))),0), 1,2,3,4,5,6,7,8,9,10,11,12)} -> 10 | F43: =_xlfn.CONCAT(E43,"/1/",D43) -> 10/1/2024 | G43: =TRIM(CLEAN( SUBSTITUTE( SUBSTITUTE( SUBSTITUTE( SUBSTITUTE(C43, CHAR(160), ""), _xlfn.UNICHAR(8203), "" ), "/kg", "" ), "$", "" ) )) -> 29.845.00 | H43: =SUBSTITUTE(G43, ",", ".") -> 29.845.00 | I43: =SUBSTITUTE(H43, ".", "", 1) -> 29845.00 | J43: =VALUE(I43) -> 29845 | K43: =VALUE(J43) -> 29845
A44: 30 de septiembre al 06 d​e octubre ​​​​de 2024 ​​​​​​​​​​​​​​ | B44: =LEFT(A44, FIND("de", A44)-2) -> 30 | C44: ​​$31.437.​7​​0​​​​ | D44: =IFERROR(MID(A44,FIND("202",A44),4),"") -> 2024 | E44: {=CHOOSE(MATCH(TRUE,ISNUMBER(SEARCH({"enero","febrero","marzo","abril","mayo","junio","julio","agosto","septiembre","octubre","noviembre","diciembre"},LOWER(A44))),0), 1,2,3,4,5,6,7,8,9,10,11,12)} -> 9 | F44: =_xlfn.CONCAT(E44,"/1/",D44) -> 9/1/2024 | G44: =TRIM(CLEAN( SUBSTITUTE( SUBSTITUTE( SUBSTITUTE( SUBSTITUTE(C44, CHAR(160), ""), _xlfn.UNICHAR(8203), "" ), "/kg", "" ), "$", "" ) )) -> 31.437.70 | H44: =SUBSTITUTE(G44, ",", ".") -> 31.437.70 | I44: =SUBSTITUTE(H44, ".", "", 1) -> 31437.70 | J44: =VALUE(I44) -> 31437.7 | K44: =VALUE(J44) -> 31437.7
A45: 23 al 29 d​e septiembre ​​​​de 2024 ​​​​​​​​​​​​​​ | B45: 23 al 29 | C45: ​​$30.882.​2​​​​​0​​​​ | D45: =IFERROR(MID(A45,FIND("202",A45),4),"") -> 2024 | E45: {=CHOOSE(MATCH(TRUE,ISNUMBER(SEARCH({"enero","febrero","marzo","abril","mayo","junio","julio","agosto","septiembre","octubre","noviembre","diciembre"},LOWER(A45))),0), 1,2,3,4,5,6,7,8,9,10,11,12)} -> 9 | F45: =_xlfn.CONCAT(E45,"/1/",D45) -> 9/1/2024 | G45: =TRIM(CLEAN( SUBSTITUTE( SUBSTITUTE( SUBSTITUTE( SUBSTITUTE(C45, CHAR(160), ""), _xlfn.UNICHAR(8203), "" ), "/kg", "" ), "$", "" ) )) -> 30.882.20 | H45: =SUBSTITUTE(G45, ",", ".") -> 30.882.20 | I45: =SUBSTITUTE(H45, ".", "", 1) -> 30882.20 | J45: =VALUE(I45) -> 30882.2 | K45: =VALUE(J45) -> 30882.2
A46: 16 al 22 d​e septiembre ​​​​de 2024 ​​​​​​​​​​​​​​ | B46: 16 al 22 | C46: ​​$30.525.​8​​​​0​​​​ | D46: =IFERROR(MID(A46,FIND("202",A46),4),"") -> 2024 | E46: {=CHOOSE(MATCH(TRUE,ISNUMBER(SEARCH({"enero","febrero","marzo","abril","mayo","junio","julio","agosto","septiembre","octubre","noviembre","diciembre"},LOWER(A46))),0), 1,2,3,4,5,6,7,8,9,10,11,12)} -> 9 | F46: =_xlfn.CONCAT(E46,"/1/",D46) -> 9/1/2024 | G46: =TRIM(CLEAN( SUBSTITUTE( SUBSTITUTE( SUBSTITUTE( SUBSTITUTE(C46, CHAR(160), ""), _xlfn.UNICHAR(8203), "" ), "/kg", "" ), "$", "" ) )) -> 30.525.80 | H46: =SUBSTITUTE(G46, ",", ".") -> 30.525.80 | I46: =SUBSTITUTE(H46, ".", "", 1) -> 30525.80 | J46: =VALUE(I46) -> 30525.8 | K46: =VALUE(J46) -> 30525.8
A47: 09 al 15 d​e septiembre ​​​​de 2024 ​​​​​​​​​​​​​ | B47: 9 al 15 | C47: ​​$29.681.​0​​​0​​​​ | D47: =IFERROR(MID(A47,FIND("202",A47),4),"") -> 2024 | E47: {=CHOOSE(MATCH(TRUE,ISNUMBER(SEARCH({"enero","febrero","marzo","abril","mayo","junio","julio","agosto","septiembre","octubre","noviembre","diciembre"},LOWER(A47))),0), 1,2,3,4,5,6,7,8,9,10,11,12)} -> 9 | F47: =_xlfn.CONCAT(E47,"/1/",D47) -> 9/1/2024 | G47: =TRIM(CLEAN( SUBSTITUTE( SUBSTITUTE( SUBSTITUTE( SUBSTITUTE(C47, CHAR(160), ""), _xlfn.UNICHAR(8203), "" ), "/kg", "" ), "$", "" ) )) -> 29.681.00 | H47: =SUBSTITUTE(G47, ",", ".") -> 29.681.00 | I47: =SUBSTITUTE(H47, ".", "", 1) -> 29681.00 | J47: =VALUE(I47) -> 29681 | K47: =VALUE(J47) -> 29681
A48: 02 al 08 d​e septiembre ​​​​de 2024 ​​​​​​​​​​​​​ | B48: 2 al 8 | C48: ​​$31.460.​8​​0​​​​ | D48: =IFERROR(MID(A48,FIND("202",A48),4),"") -> 2024 | E48: {=CHOOSE(MATCH(TRUE,ISNUMBER(SEARCH({"enero","febrero","marzo","abril","mayo","junio","julio","agosto","septiembre","octubre","noviembre","diciembre"},LOWER(A48))),0), 1,2,3,4,5,6,7,8,9,10,11,12)} -> 9 | F48: =_xlfn.CONCAT(E48,"/1/",D48) -> 9/1/2024 | G48: =TRIM(CLEAN( SUBSTITUTE( SUBSTITUTE( SUBSTITUTE( SUBSTITUTE(C48, CHAR(160), ""), _xlfn.UNICHAR(8203), "" ), "/kg", "" ), "$", "" ) )) -> 31.460.80 | H48: =SUBSTITUTE(G48, ",", ".") -> 31.460.80 | I48: =SUBSTITUTE(H48, ".", "", 1) -> 31460.80 | J48: =VALUE(I48) -> 31460.8 | K48: =VALUE(J48) -> 31460.8
A49: 26 de agosto al 01 d​e septiembre ​​​de 2024 ​​​​​​​​​​​​​ | B49: 26 al 1 | C49: ​​$29.505​​.​0​0​​​​ | D49: =IFERROR(MID(A49,FIND("202",A49),4),"") -> 2024 | E49: {=CHOOSE(MATCH(TRUE,ISNUMBER(SEARCH({"enero","febrero","marzo","abril","mayo","junio","julio","agosto","septiembre","octubre","noviembre","diciembre"},LOWER(A49))),0), 1,2,3,4,5,6,7,8,9,10,11,12)} -> 8 | F49: =_xlfn.CONCAT(E49,"/1/",D49) -> 8/1/2024 | G49: =TRIM(CLEAN( SUBSTITUTE( SUBSTITUTE( SUBSTITUTE( SUBSTITUTE(C49, CHAR(160), ""), _xlfn.UNICHAR(8203), "" ), "/kg", "" ), "$", "" ) )) -> 29.505.00 | H49: =SUBSTITUTE(G49, ",", ".") -> 29.505.00 | I49: =SUBSTITUTE(H49, ".", "", 1) -> 29505.00 | J49: =VALUE(I49) -> 29505 | K49: =VALUE(J49) -> 29505
A50: 19 al 25 d​e agosto ​​​​de 2024 ​​​​​​​​​​​​​ | B50: 19 al 25 | C50: ​​$28.863​​.​7​​​​​0​​​​ | D50: =IFERROR(MID(A50,FIND("202",A50),4),"") -> 2024 | E50: {=CHOOSE(MATCH(TRUE,ISNUMBER(SEARCH({"enero","febrero","marzo","abril","mayo","junio","julio","agosto","septiembre","octubre","noviembre","diciembre"},LOWER(A50))),0), 1,2,3,4,5,6,7,8,9,10,11,12)} -> 8 | F50: =_xlfn.CONCAT(E50,"/1/",D50) -> 8/1/2024 | G50: =TRIM(CLEAN( SUBSTITUTE( SUBSTITUTE( SUBSTITUTE( SUBSTITUTE(C50, CHAR(160), ""), _xlfn.UNICHAR(8203), "" ), "/kg", "" ), "$", "" ) )) -> 28.863.70 | H50: =SUBSTITUTE(G50, ",", ".") -> 28.863.70 | I50: =SUBSTITUTE(H50, ".", "", 1) -> 28863.70 | J50: =VALUE(I50) -> 28863.7 | K50: =VALUE(J50) -> 28863.7
A51: 12 al 18 d​e agosto ​​​​de 2024 ​​​​​​​​​​​​​ | B51: 12 al 18 | C51: ​​$30.532​​.​5​​​​0​​​​ | D51: =IFERROR(MID(A51,FIND("202",A51),4),"") -> 2024 | E51: {=CHOOSE(MATCH(TRUE,ISNUMBER(SEARCH({"enero","febrero","marzo","abril","mayo","junio","julio","agosto","septiembre","octubre","noviembre","diciembre"},LOWER(A51))),0), 1,2,3,4,5,6,7,8,9,10,11,12)} -> 8 | F51: =_xlfn.CONCAT(E51,"/1/",D51) -> 8/1/2024 | G51: =TRIM(CLEAN( SUBSTITUTE( SUBSTITUTE( SUBSTITUTE( SUBSTITUTE(C51, CHAR(160), ""), _xlfn.UNICHAR(8203), "" ), "/kg", "" ), "$", "" ) )) -> 30.532.50 | H51: =SUBSTITUTE(G51, ",", ".") -> 30.532.50 | I51: =SUBSTITUTE(H51, ".", "", 1) -> 30532.50 | J51: =VALUE(I51) -> 30532.5 | K51: =VALUE(J51) -> 30532.5
A52: 05 al 11 d​e agosto ​​​​de 2024 ​​​​​​​​​​​​ | B52: 5 al 11 | C52: ​​$29.737​​.​0​​​0​​​​ | D52: =IFERROR(MID(A52,FIND("202",A52),4),"") -> 2024 | E52: {=CHOOSE(MATCH(TRUE,ISNUMBER(SEARCH({"enero","febrero","marzo","abril","mayo","junio","julio","agosto","septiembre","octubre","noviembre","diciembre"},LOWER(A52))),0), 1,2,3,4,5,6,7,8,9,10,11,12)} -> 8 | F52: =_xlfn.CONCAT(E52,"/1/",D52) -> 8/1/2024 | G52: =TRIM(CLEAN( SUBSTITUTE( SUBSTITUTE( SUBSTITUTE( SUBSTITUTE(C52, CHAR(160), ""), _xlfn.UNICHAR(8203), "" ), "/kg", "" ), "$", "" ) )) -> 29.737.00 | H52: =SUBSTITUTE(G52, ",", ".") -> 29.737.00 | I52: =SUBSTITUTE(H52, ".", "", 1) -> 29737.00 | J52: =VALUE(I52) -> 29737 | K52: =VALUE(J52) -> 29737
A53: 29 de julio al 04 d​e agosto ​​​​de 2024 ​​​​​​​​​​​ | B53: 29 al 4 | C53: ​​$30.001​​.​3​​0​​​​ | D53: =IFERROR(MID(A53,FIND("202",A53),4),"") -> 2024 | E53: {=CHOOSE(MATCH(TRUE,ISNUMBER(SEARCH({"enero","febrero","marzo","abril","mayo","junio","julio","agosto","septiembre","octubre","noviembre","diciembre"},LOWER(A53))),0), 1,2,3,4,5,6,7,8,9,10,11,12)} -> 7 | F53: =_xlfn.CONCAT(E53,"/1/",D53) -> 7/1/2024 | G53: =TRIM(CLEAN( SUBSTITUTE( SUBSTITUTE( SUBSTITUTE( SUBSTITUTE(C53, CHAR(160), ""), _xlfn.UNICHAR(8203), "" ), "/kg", "" ), "$", "" ) )) -> 30.001.30 | H53: =SUBSTITUTE(G53, ",", ".") -> 30.001.30 | I53: =SUBSTITUTE(H53, ".", "", 1) -> 30001.30 | J53: =VALUE(I53) -> 30001.3 | K53: =VALUE(J53) -> 30001.3
A54: 22 al 28 d​e julio ​​​​de 2024 ​​​​​​​​​​ | B54: 22 al 28 | C54: ​​$29.380​​.​8​0​​​​ | D54: =IFERROR(MID(A54,FIND("202",A54),4),"") -> 2024 | E54: {=CHOOSE(MATCH(TRUE,ISNUMBER(SEARCH({"enero","febrero","marzo","abril","mayo","junio","julio","agosto","septiembre","octubre","noviembre","diciembre"},LOWER(A54))),0), 1,2,3,4,5,6,7,8,9,10,11,12)} -> 7 | F54: =_xlfn.CONCAT(E54,"/1/",D54) -> 7/1/2024 | G54: =TRIM(CLEAN( SUBSTITUTE( SUBSTITUTE( SUBSTITUTE( SUBSTITUTE(C54, CHAR(160), ""), _xlfn.UNICHAR(8203), "" ), "/kg", "" ), "$", "" ) )) -> 29.380.80 | H54: =SUBSTITUTE(G54, ",", ".") -> 29.380.80 | I54: =SUBSTITUTE(H54, ".", "", 1) -> 29380.80 | J54: =VALUE(I54) -> 29380.8 | K54: =VALUE(J54) -> 29380.8
A55: 15 al 21 d​e julio ​​​​de 2024 ​​​​​​​​​​ | B55: 15 al 21 | C55: ​​$29.218​​.​0​0​​​​ | D55: =IFERROR(MID(A55,FIND("202",A55),4),"") -> 2024 | E55: {=CHOOSE(MATCH(TRUE,ISNUMBER(SEARCH({"enero","febrero","marzo","abril","mayo","junio","julio","agosto","septiembre","octubre","noviembre","diciembre"},LOWER(A55))),0), 1,2,3,4,5,6,7,8,9,10,11,12)} -> 7 | F55: =_xlfn.CONCAT(E55,"/1/",D55) -> 7/1/2024 | G55: =TRIM(CLEAN( SUBSTITUTE( SUBSTITUTE( SUBSTITUTE( SUBSTITUTE(C55, CHAR(160), ""), _xlfn.UNICHAR(8203), "" ), "/kg", "" ), "$", "" ) )) -> 29.218.00 | H55: =SUBSTITUTE(G55, ",", ".") -> 29.218.00 | I55: =SUBSTITUTE(H55, ".", "", 1) -> 29218.00 | J55: =VALUE(I55) -> 29218 | K55: =VALUE(J55) -> 29218
A56: 08 al 14 d​e julio ​​​​de 2024 ​​​​​​​​​​ | B56: 8 al 14 | C56: ​​$27.896​​.​5​0​​​​ | D56: =IFERROR(MID(A56,FIND("202",A56),4),"") -> 2024 | E56: {=CHOOSE(MATCH(TRUE,ISNUMBER(SEARCH({"enero","febrero","marzo","abril","mayo","junio","julio","agosto","septiembre","octubre","noviembre","diciembre"},LOWER(A56))),0), 1,2,3,4,5,6,7,8,9,10,11,12)} -> 7 | F56: =_xlfn.CONCAT(E56,"/1/",D56) -> 7/1/2024 | G56: =TRIM(CLEAN( SUBSTITUTE( SUBSTITUTE( SUBSTITUTE( SUBSTITUTE(C56, CHAR(160), ""), _xlfn.UNICHAR(8203), "" ), "/kg", "" ), "$", "" ) )) -> 27.896.50 | H56: =SUBSTITUTE(G56, ",", ".") -> 27.896.50 | I56: =SUBSTITUTE(H56, ".", "", 1) -> 27896.50 | J56: =VALUE(I56) -> 27896.5 | K56: =VALUE(J56) -> 27896.5
... A63: 20 al 26 d​e mayo ​​​​de 2024 ​​​​​​​​​​ | B63: 20 al 26 | C63: ​​$25​.275.​00​​​​ | D63: =IFERROR(MID(A63,FIND("202",A63),4),"") -> 2024 | E63: {=CHOOSE(MATCH(TRUE,ISNUMBER(SEARCH({"enero","febrero","marzo","abril","mayo","junio","julio","agosto","septiembre","octubre","noviembre","diciembre"},LOWER(A63))),0), 1,2,3,4,5,6,7,8,9,10,11,12)} -> 5 | F63: =_xlfn.CONCAT(E63,"/1/",D63) -> 5/1/2024 | G63: =TRIM(CLEAN( SUBSTITUTE( SUBSTITUTE( SUBSTITUTE( SUBSTITUTE(C63, CHAR(160), ""), _xlfn.UNICHAR(8203), "" ), "/kg", "" ), "$", "" ) )) -> 25.275.00 | H63: =SUBSTITUTE(G63, ",", ".") -> 25.275.00 | I63: =SUBSTITUTE(H63, ".", "", 1) -> 25275.00 | J63: =VALUE(I63) -> 25275 | K63: =VALUE(J63) -> 25275
A64: 13 al 19 de mayo ​​​​de 2024 ​​​​​​​​​​ | B64: =LEFT(A64, FIND("de", A64)-2) -> 13 al 19 | C64: ​​$28.908.​30​​​​ | D64: =IFERROR(MID(A64,FIND("202",A64),4),"") -> 2024 | E64: {=CHOOSE(MATCH(TRUE,ISNUMBER(SEARCH({"enero","febrero","marzo","abril","mayo","junio","julio","agosto","septiembre","octubre","noviembre","diciembre"},LOWER(A64))),0), 1,2,3,4,5,6,7,8,9,10,11,12)} -> 5 | F64: =_xlfn.CONCAT(E64,"/1/",D64) -> 5/1/2024 | G64: =TRIM(CLEAN( SUBSTITUTE( SUBSTITUTE( SUBSTITUTE( SUBSTITUTE(C64, CHAR(160), ""), _xlfn.UNICHAR(8203), "" ), "/kg", "" ), "$", "" ) )) -> 28.908.30 | H64: =SUBSTITUTE(G64, ",", ".") -> 28.908.30 | I64: =SUBSTITUTE(H64, ".", "", 1) -> 28908.30 | J64: =VALUE(I64) -> 28908.3 | K64: =VALUE(J64) -> 28908.3
A65: 06 al 12 de mayo ​​​​de 2024 ​​​​​​​​​​ | B65: =LEFT(A65, FIND("de", A65)-2) -> 06 al 12 | C65: ​​$28.363​.​83​​​ | D65: =IFERROR(MID(A65,FIND("202",A65),4),"") -> 2024 | E65: {=CHOOSE(MATCH(TRUE,ISNUMBER(SEARCH({"enero","febrero","marzo","abril","mayo","junio","julio","agosto","septiembre","octubre","noviembre","diciembre"},LOWER(A65))),0), 1,2,3,4,5,6,7,8,9,10,11,12)} -> 5 | F65: =_xlfn.CONCAT(E65,"/1/",D65) -> 5/1/2024 | G65: =TRIM(CLEAN( SUBSTITUTE( SUBSTITUTE( SUBSTITUTE( SUBSTITUTE(C65, CHAR(160), ""), _xlfn.UNICHAR(8203), "" ), "/kg", "" ), "$", "" ) )) -> 28.363.83 | H65: =SUBSTITUTE(G65, ",", ".") -> 28.363.83 | I65: =SUBSTITUTE(H65, ".", "", 1) -> 28363.83 | J65: =VALUE(I65) -> 28363.83 | K65: =VALUE(J65) -> 28363.83
A66: 29 de abril al 05 de mayo ​​​​de 2024 ​​​​​​​​​​ | B66: 29 al 5 | C66: ​​$38.636​.​7​​​​​0 | D66: =IFERROR(MID(A66,FIND("202",A66),4),"") -> 2024 | E66: {=CHOOSE(MATCH(TRUE,ISNUMBER(SEARCH({"enero","febrero","marzo","abril","mayo","junio","julio","agosto","septiembre","octubre","noviembre","diciembre"},LOWER(A66))),0), 1,2,3,4,5,6,7,8,9,10,11,12)} -> 4 | F66: =_xlfn.CONCAT(E66,"/1/",D66) -> 4/1/2024 | G66: =TRIM(CLEAN( SUBSTITUTE( SUBSTITUTE( SUBSTITUTE( SUBSTITUTE(C66, CHAR(160), ""), _xlfn.UNICHAR(8203), "" ), "/kg", "" ), "$", "" ) )) -> 38.636.70 | H66: =SUBSTITUTE(G66, ",", ".") -> 38.636.70 | I66: =SUBSTITUTE(H66, ".", "", 1) -> 38636.70 | J66: =VALUE(I66) -> 38636.7 | K66: =VALUE(J66) -> 38636.7
A67: 22 al 28 de abril ​​​​de 2024 ​​​​​​​​​​ | B67: =LEFT(A67, FIND("de", A67)-2) -> 22 al 28 | C67: ​​$36.444.​7​​​​​0 | D67: =IFERROR(MID(A67,FIND("202",A67),4),"") -> 2024 | E67: {=CHOOSE(MATCH(TRUE,ISNUMBER(SEARCH({"enero","febrero","marzo","abril","mayo","junio","julio","agosto","septiembre","octubre","noviembre","diciembre"},LOWER(A67))),0), 1,2,3,4,5,6,7,8,9,10,11,12)} -> 4 | F67: =_xlfn.CONCAT(E67,"/1/",D67) -> 4/1/2024 | G67: =TRIM(CLEAN( SUBSTITUTE( SUBSTITUTE( SUBSTITUTE( SUBSTITUTE(C67, CHAR(160), ""), _xlfn.UNICHAR(8203), "" ), "/kg", "" ), "$", "" ) )) -> 36.444.70 | H67: =SUBSTITUTE(G67, ",", ".") -> 36.444.70 | I67: =SUBSTITUTE(H67, ".", "", 1) -> 36444.70 | J67: =VALUE(I67) -> 36444.7 | K67: =VALUE(J67) -> 36444.7
A68: 15 al 21 de abril ​​​​de 2024 ​​​​​​​​​​ | B68: =LEFT(A68, FIND("de", A68)-2) -> 15 al 21 | C68: ​​$35.032.​8​​​​0 | D68: =IFERROR(MID(A68,FIND("202",A68),4),"") -> 2024 | E68: {=CHOOSE(MATCH(TRUE,ISNUMBER(SEARCH({"enero","febrero","marzo","abril","mayo","junio","julio","agosto","septiembre","octubre","noviembre","diciembre"},LOWER(A68))),0), 1,2,3,4,5,6,7,8,9,10,11,12)} -> 4 | F68: =_xlfn.CONCAT(E68,"/1/",D68) -> 4/1/2024 | G68: =TRIM(CLEAN( SUBSTITUTE( SUBSTITUTE( SUBSTITUTE( SUBSTITUTE(C68, CHAR(160), ""), _xlfn.UNICHAR(8203), "" ), "/kg", "" ), "$", "" ) )) -> 35.032.80 | H68: =SUBSTITUTE(G68, ",", ".") -> 35.032.80 | I68: =SUBSTITUTE(H68, ".", "", 1) -> 35032.80 | J68: =VALUE(I68) -> 35032.8 | K68: =VALUE(J68) -> 35032.8
A69: 08 al 14 de abril ​​​​de 2024 ​​​​​​​​​​ | B69: =LEFT(A69, FIND("de", A69)-2) -> 08 al 14 | C69: ​​$32.657.​7​​​0 | D69: =IFERROR(MID(A69,FIND("202",A69),4),"") -> 2024 | E69: {=CHOOSE(MATCH(TRUE,ISNUMBER(SEARCH({"enero","febrero","marzo","abril","mayo","junio","julio","agosto","septiembre","octubre","noviembre","diciembre"},LOWER(A69))),0), 1,2,3,4,5,6,7,8,9,10,11,12)} -> 4 | F69: =_xlfn.CONCAT(E69,"/1/",D69) -> 4/1/2024 | G69: =TRIM(CLEAN( SUBSTITUTE( SUBSTITUTE( SUBSTITUTE( SUBSTITUTE(C69, CHAR(160), ""), _xlfn.UNICHAR(8203), "" ), "/kg", "" ), "$", "" ) )) -> 32.657.70 | H69: =SUBSTITUTE(G69, ",", ".") -> 32.657.70 | I69: =SUBSTITUTE(H69, ".", "", 1) -> 32657.70 | J69: =VALUE(I69) -> 32657.7 | K69: =VALUE(J69) -> 32657.7
A70: 01 al 07 de abril ​​​​de 2024 ​​​​​​​​​​ | B70: =LEFT(A70, FIND("de", A70)-2) -> 01 al 07 | C70: ​​$30.037.​7​​​0 | D70: =IFERROR(MID(A70,FIND("202",A70),4),"") -> 2024 | E70: {=CHOOSE(MATCH(TRUE,ISNUMBER(SEARCH({"enero","febrero","marzo","abril","mayo","junio","julio","agosto","septiembre","octubre","noviembre","diciembre"},LOWER(A70))),0), 1,2,3,4,5,6,7,8,9,10,11,12)} -> 4 | F70: =_xlfn.CONCAT(E70,"/1/",D70) -> 4/1/2024 | G70: =TRIM(CLEAN( SUBSTITUTE( SUBSTITUTE( SUBSTITUTE( SUBSTITUTE(C70, CHAR(160), ""), _xlfn.UNICHAR(8203), "" ), "/kg", "" ), "$", "" ) )) -> 30.037.70 | H70: =SUBSTITUTE(G70, ",", ".") -> 30.037.70 | I70: =SUBSTITUTE(H70, ".", "", 1) -> 30037.70 | J70: =VALUE(I70) -> 30037.7 | K70: =VALUE(J70) -> 30037.7
A71: 25 al 31 de marzo ​​​​de 2024 ​​​​​​​​​​ | B71: =LEFT(A71, FIND("de", A71)-2) -> 25 al 31 | C71: ​$26.609.​7​​​0 | D71: =IFERROR(MID(A71,FIND("202",A71),4),"") -> 2024 | E71: {=CHOOSE(MATCH(TRUE,ISNUMBER(SEARCH({"enero","febrero","marzo","abril","mayo","junio","julio","agosto","septiembre","octubre","noviembre","diciembre"},LOWER(A71))),0), 1,2,3,4,5,6,7,8,9,10,11,12)} -> 3 | F71: =_xlfn.CONCAT(E71,"/1/",D71) -> 3/1/2024 | G71: =TRIM(CLEAN( SUBSTITUTE( SUBSTITUTE( SUBSTITUTE( SUBSTITUTE(C71, CHAR(160), ""), _xlfn.UNICHAR(8203), "" ), "/kg", "" ), "$", "" ) )) -> 26.609.70 | H71: =SUBSTITUTE(G71, ",", ".") -> 26.609.70 | I71: =SUBSTITUTE(H71, ".", "", 1) -> 26609.70 | J71: =VALUE(I71) -> 26609.7 | K71: =VALUE(J71) -> 26609.7
A72: 18 al 24 de marzo ​​​​de 2024 ​​​​​​​​​​ | B72: =LEFT(A72, FIND("de", A72)-2) -> 18 al 24 | C72: ​$22.421.​7​​2​0 | D72: =IFERROR(MID(A72,FIND("202",A72),4),"") -> 2024 | E72: {=CHOOSE(MATCH(TRUE,ISNUMBER(SEARCH({"enero","febrero","marzo","abril","mayo","junio","julio","agosto","septiembre","octubre","noviembre","diciembre"},LOWER(A72))),0), 1,2,3,4,5,6,7,8,9,10,11,12)} -> 3 | F72: =_xlfn.CONCAT(E72,"/1/",D72) -> 3/1/2024 | G72: =TRIM(CLEAN( SUBSTITUTE( SUBSTITUTE( SUBSTITUTE( SUBSTITUTE(C72, CHAR(160), ""), _xlfn.UNICHAR(8203), "" ), "/kg", "" ), "$", "" ) )) -> 22.421.720 | H72: =SUBSTITUTE(G72, ",", ".") -> 22.421.720 | I72: =SUBSTITUTE(H72, ".", "", 1) -> 22421.720 | J72: =VALUE(I72) -> 22421.72 | K72: =VALUE(J72) -> 22421.72
A73: 11 al 17 de marzo ​​​​de 2024 ​​​​​​​​​​ | B73: =LEFT(A73, FIND("de", A73)-2) -> 11 al 17 | C73: ​$18.881.​7​​​0 | D73: =IFERROR(MID(A73,FIND("202",A73),4),"") -> 2024 | E73: {=CHOOSE(MATCH(TRUE,ISNUMBER(SEARCH({"enero","febrero","marzo","abril","mayo","junio","julio","agosto","septiembre","octubre","noviembre","diciembre"},LOWER(A73))),0), 1,2,3,4,5,6,7,8,9,10,11,12)} -> 3 | F73: =_xlfn.CONCAT(E73,"/1/",D73) -> 3/1/2024 | G73: =TRIM(CLEAN( SUBSTITUTE( SUBSTITUTE( SUBSTITUTE( SUBSTITUTE(C73, CHAR(160), ""), _xlfn.UNICHAR(8203), "" ), "/kg", "" ), "$", "" ) )) -> 18.881.70 | H73: =SUBSTITUTE(G73, ",", ".") -> 18.881.70 | I73: =SUBSTITUTE(H73, ".", "", 1) -> 18881.70 | J73: =VALUE(I73) -> 18881.7 | K73: =VALUE(J73) -> 18881.7
A74: 04 al 10 de marzo ​​​​de 2024 ​​​​​​​​​​ | B74: =LEFT(A74, FIND("de", A74)-2) -> 04 al 10 | C74: ​$17.846​.​3​​0 | D74: =IFERROR(MID(A74,FIND("202",A74),4),"") -> 2024 | E74: {=CHOOSE(MATCH(TRUE,ISNUMBER(SEARCH({"enero","febrero","marzo","abril","mayo","junio","julio","agosto","septiembre","octubre","noviembre","diciembre"},LOWER(A74))),0), 1,2,3,4,5,6,7,8,9,10,11,12)} -> 3 | F74: =_xlfn.CONCAT(E74,"/1/",D74) -> 3/1/2024 | G74: =TRIM(CLEAN( SUBSTITUTE( SUBSTITUTE( SUBSTITUTE( SUBSTITUTE(C74, CHAR(160), ""), _xlfn.UNICHAR(8203), "" ), "/kg", "" ), "$", "" ) )) -> 17.846.30 | H74: =SUBSTITUTE(G74, ",", ".") -> 17.846.30 | I74: =SUBSTITUTE(H74, ".", "", 1) -> 17846.30 | J74: =VALUE(I74) -> 17846.3 | K74: =VALUE(J74) -> 17846.3
A75: 26 de febrero al 03 de marzo ​​​​de 2024 ​​​​​​​​​​ | B75: 26 al 3 | C75: ​$17.217.​3​​0 | D75: =IFERROR(MID(A75,FIND("202",A75),4),"") -> 2024 | E75: {=CHOOSE(MATCH(TRUE,ISNUMBER(SEARCH({"enero","febrero","marzo","abril","mayo","junio","julio","agosto","septiembre","octubre","noviembre","diciembre"},LOWER(A75))),0), 1,2,3,4,5,6,7,8,9,10,11,12)} -> 2 | F75: =_xlfn.CONCAT(E75,"/1/",D75) -> 2/1/2024 | G75: =TRIM(CLEAN( SUBSTITUTE( SUBSTITUTE( SUBSTITUTE( SUBSTITUTE(C75, CHAR(160), ""), _xlfn.UNICHAR(8203), "" ), "/kg", "" ), "$", "" ) )) -> 17.217.30 | H75: =SUBSTITUTE(G75, ",", ".") -> 17.217.30 | I75: =SUBSTITUTE(H75, ".", "", 1) -> 17217.30 | J75: =VALUE(I75) -> 17217.3 | K75: =VALUE(J75) -> 17217.3
A76: 19 al 25 de febrero ​​​​de 2024 ​​​​​​​​​​ | B76: =LEFT(A76, FIND("de", A76)-2) -> 19 al 25 | C76: ​$16.606.​70 | D76: =IFERROR(MID(A76,FIND("202",A76),4),"") -> 2024 | E76: {=CHOOSE(MATCH(TRUE,ISNUMBER(SEARCH({"enero","febrero","marzo","abril","mayo","junio","julio","agosto","septiembre","octubre","noviembre","diciembre"},LOWER(A76))),0), 1,2,3,4,5,6,7,8,9,10,11,12)} -> 2 | F76: =_xlfn.CONCAT(E76,"/1/",D76) -> 2/1/2024 | G76: =TRIM(CLEAN( SUBSTITUTE( SUBSTITUTE( SUBSTITUTE( SUBSTITUTE(C76, CHAR(160), ""), _xlfn.UNICHAR(8203), "" ), "/kg", "" ), "$", "" ) )) -> 16.606.70 | H76: =SUBSTITUTE(G76, ",", ".") -> 16.606.70 | I76: =SUBSTITUTE(H76, ".", "", 1) -> 16606.70 | J76: =VALUE(I76) -> 16606.7 | K76: =VALUE(J76) -> 16606.7
A77: 12 al 18 de febrero ​​​​de 2024 ​​​​​​​​​​ | B77: =LEFT(A77, FIND("de", A77)-2) -> 12 al 18 | C77: ​$15.369.80 | D77: =IFERROR(MID(A77,FIND("202",A77),4),"") -> 2024 | E77: {=CHOOSE(MATCH(TRUE,ISNUMBER(SEARCH({"enero","febrero","marzo","abril","mayo","junio","julio","agosto","septiembre","octubre","noviembre","diciembre"},LOWER(A77))),0), 1,2,3,4,5,6,7,8,9,10,11,12)} -> 2 | F77: =_xlfn.CONCAT(E77,"/1/",D77) -> 2/1/2024 | G77: =TRIM(CLEAN( SUBSTITUTE( SUBSTITUTE( SUBSTITUTE( SUBSTITUTE(C77, CHAR(160), ""), _xlfn.UNICHAR(8203), "" ), "/kg", "" ), "$", "" ) )) -> 15.369.80 | H77: =SUBSTITUTE(G77, ",", ".") -> 15.369.80 | I77: =SUBSTITUTE(H77, ".", "", 1) -> 15369.80 | J77: =VALUE(I77) -> 15369.8 | K77: =VALUE(J77) -> 15369.8
A78: 05 al 11 de febrero ​​​​de 2024 ​​​​​​​​​​ | B78: =LEFT(A78, FIND("de", A78)-2) -> 05 al 11 | C78: ​$14.765.80 | D78: =IFERROR(MID(A78,FIND("202",A78),4),"") -> 2024 | E78: {=CHOOSE(MATCH(TRUE,ISNUMBER(SEARCH({"enero","febrero","marzo","abril","mayo","junio","julio","agosto","septiembre","octubre","noviembre","diciembre"},LOWER(A78))),0), 1,2,3,4,5,6,7,8,9,10,11,12)} -> 2 | F78: =_xlfn.CONCAT(E78,"/1/",D78) -> 2/1/2024 | G78: =TRIM(CLEAN( SUBSTITUTE( SUBSTITUTE( SUBSTITUTE( SUBSTITUTE(C78, CHAR(160), ""), _xlfn.UNICHAR(8203), "" ), "/kg", "" ), "$", "" ) )) -> 14.765.80 | H78: =SUBSTITUTE(G78, ",", ".") -> 14.765.80 | I78: =SUBSTITUTE(H78, ".", "", 1) -> 14765.80 | J78: =VALUE(I78) -> 14765.8 | K78: =VALUE(J78) -> 14765.8
A79: 29 de enero al 04 de febrero ​​​​de 2024 ​​​​​​​​​​ | B79: 29 al 4 | C79: ​$14.530.80 | D79: =IFERROR(MID(A79,FIND("202",A79),4),"") -> 2024 | E79: {=CHOOSE(MATCH(TRUE,ISNUMBER(SEARCH({"enero","febrero","marzo","abril","mayo","junio","julio","agosto","septiembre","octubre","noviembre","diciembre"},LOWER(A79))),0), 1,2,3,4,5,6,7,8,9,10,11,12)} -> 1 | F79: =_xlfn.CONCAT(E79,"/1/",D79) -> 1/1/2024 | G79: =TRIM(CLEAN( SUBSTITUTE( SUBSTITUTE( SUBSTITUTE( SUBSTITUTE(C79, CHAR(160), ""), _xlfn.UNICHAR(8203), "" ), "/kg", "" ), "$", "" ) )) -> 14.530.80 | H79: =SUBSTITUTE(G79, ",", ".") -> 14.530.80 | I79: =SUBSTITUTE(H79, ".", "", 1) -> 14530.80 | J79: =VALUE(I79) -> 14530.8 | K79: =VALUE(J79) -> 14530.8
A80: 22 al 28 de enero ​​​​de 2024 ​​​​​​​​​​ | B80: =LEFT(A80, FIND("de", A80)-2) -> 22 al 28 | C80: ​$14.329.20 | D80: =IFERROR(MID(A80,FIND("202",A80),4),"") -> 2024 | E80: {=CHOOSE(MATCH(TRUE,ISNUMBER(SEARCH({"enero","febrero","marzo","abril","mayo","junio","julio","agosto","septiembre","octubre","noviembre","diciembre"},LOWER(A80))),0), 1,2,3,4,5,6,7,8,9,10,11,12)} -> 1 | F80: =_xlfn.CONCAT(E80,"/1/",D80) -> 1/1/2024 | G80: =TRIM(CLEAN( SUBSTITUTE( SUBSTITUTE( SUBSTITUTE( SUBSTITUTE(C80, CHAR(160), ""), _xlfn.UNICHAR(8203), "" ), "/kg", "" ), "$", "" ) )) -> 14.329.20 | H80: =SUBSTITUTE(G80, ",", ".") -> 14.329.20 | I80: =SUBSTITUTE(H80, ".", "", 1) -> 14329.20 | J80: =VALUE(I80) -> 14329.2 | K80: =VALUE(J80) -> 14329.2
A81: 15 al 21 de enero ​​​​de 2024 ​​​​​​​​​​ | B81: =LEFT(A81, FIND("de", A81)-2) -> 15 al 21 | C81: ​$14.086.30​​​​​​​​​​​​​​​​​​​​​​ | D81: =IFERROR(MID(A81,FIND("202",A81),4),"") -> 2024 | E81: {=CHOOSE(MATCH(TRUE,ISNUMBER(SEARCH({"enero","febrero","marzo","abril","mayo","junio","julio","agosto","septiembre","octubre","noviembre","diciembre"},LOWER(A81))),0), 1,2,3,4,5,6,7,8,9,10,11,12)} -> 1 | F81: =_xlfn.CONCAT(E81,"/1/",D81) -> 1/1/2024 | G81: =TRIM(CLEAN( SUBSTITUTE( SUBSTITUTE( SUBSTITUTE( SUBSTITUTE(C81, CHAR(160), ""), _xlfn.UNICHAR(8203), "" ), "/kg", "" ), "$", "" ) )) -> 14.086.30 | H81: =SUBSTITUTE(G81, ",", ".") -> 14.086.30 | I81: =SUBSTITUTE(H81, ".", "", 1) -> 14086.30 | J81: =VALUE(I81) -> 14086.3 | K81: =VALUE(J81) -> 14086.3
A82: 08 al 14 de enero ​​​​de 2024 ​​​​​​​​​​ | B82: =LEFT(A82, FIND("de", A82)-2) -> 08 al 14 | C82: ​$14.223.30​​​​​​​​​​​​​​​​​​​​​​ | D82: =IFERROR(MID(A82,FIND("202",A82),4),"") -> 2024 | E82: {=CHOOSE(MATCH(TRUE,ISNUMBER(SEARCH({"enero","febrero","marzo","abril","mayo","junio","julio","agosto","septiembre","octubre","noviembre","diciembre"},LOWER(A82))),0), 1,2,3,4,5,6,7,8,9,10,11,12)} -> 1 | F82: =_xlfn.CONCAT(E82,"/1/",D82) -> 1/1/2024 | G82: =TRIM(CLEAN( SUBSTITUTE( SUBSTITUTE( SUBSTITUTE( SUBSTITUTE(C82, CHAR(160), ""), _xlfn.UNICHAR(8203), "" ), "/kg", "" ), "$", "" ) )) -> 14.223.30 | H82: =SUBSTITUTE(G82, ",", ".") -> 14.223.30 | I82: =SUBSTITUTE(H82, ".", "", 1) -> 14223.30 | J82: =VALUE(I82) -> 14223.3 | K82: =VALUE(J82) -> 14223.3
A83: 01 al 07 de enero ​​​​de 2024 ​​​​​​​​​​ | B83: =LEFT(A83, FIND("de", A83)-2) -> 01 al 07 | C83: ​$14.271.70​​​​​​​​​​​​​​​​​​​​​​ | D83: =IFERROR(MID(A83,FIND("202",A83),4),"") -> 2024 | E83: {=CHOOSE(MATCH(TRUE,ISNUMBER(SEARCH({"enero","febrero","marzo","abril","mayo","junio","julio","agosto","septiembre","octubre","noviembre","diciembre"},LOWER(A83))),0), 1,2,3,4,5,6,7,8,9,10,11,12)} -> 1 | F83: =_xlfn.CONCAT(E83,"/1/",D83) -> 1/1/2024 | G83: =TRIM(CLEAN( SUBSTITUTE( SUBSTITUTE( SUBSTITUTE( SUBSTITUTE(C83, CHAR(160), ""), _xlfn.UNICHAR(8203), "" ), "/kg", "" ), "$", "" ) )) -> 14.271.70 | H83: =SUBSTITUTE(G83, ",", ".") -> 14.271.70 | I83: =SUBSTITUTE(H83, ".", "", 1) -> 14271.70 | J83: =VALUE(I83) -> 14271.7 | K83: =VALUE(J83) -> 14271.7
A84: 25 al 31​ de diciembre ​​​​de 2023 ​​​​​​​​​​ | B84: =LEFT(A84, FIND("de", A84)-2) -> 25 al 31​ | C84: ​$14.271.70​​​​​​​​​​​​​​​​​​​​​​ | D84: =IFERROR(MID(A84,FIND("202",A84),4),"") -> 2023 | E84: {=CHOOSE(MATCH(TRUE,ISNUMBER(SEARCH({"enero","febrero","marzo","abril","mayo","junio","julio","agosto","septiembre","octubre","noviembre","diciembre"},LOWER(A84))),0), 1,2,3,4,5,6,7,8,9,10,11,12)} -> 12 | F84: =_xlfn.CONCAT(E84,"/1/",D84) -> 12/1/2023 | G84: =TRIM(CLEAN( SUBSTITUTE( SUBSTITUTE( SUBSTITUTE( SUBSTITUTE(C84, CHAR(160), ""), _xlfn.UNICHAR(8203), "" ), "/kg", "" ), "$", "" ) )) -> 14.271.70 | H84: =SUBSTITUTE(G84, ",", ".") -> 14.271.70 | I84: =SUBSTITUTE(H84, ".", "", 1) -> 14271.70 | J84: =VALUE(I84) -> 14271.7 | K84: =VALUE(J84) -> 14271.7
A85: 18 al 24​ de diciembre ​​​​de 2023 ​​​​​​​​​​ | B85: =LEFT(A85, FIND("de", A85)-2) -> 18 al 24​ | C85: ​$14.261​.7​0​​​​​​​​​​​​​​​​​​​​​​ | D85: =IFERROR(MID(A85,FIND("202",A85),4),"") -> 2023 | E85: {=CHOOSE(MATCH(TRUE,ISNUMBER(SEARCH({"enero","febrero","marzo","abril","mayo","junio","julio","agosto","septiembre","octubre","noviembre","diciembre"},LOWER(A85))),0), 1,2,3,4,5,6,7,8,9,10,11,12)} -> 12 | F85: =_xlfn.CONCAT(E85,"/1/",D85) -> 12/1/2023 | G85: =TRIM(CLEAN( SUBSTITUTE( SUBSTITUTE( SUBSTITUTE( SUBSTITUTE(C85, CHAR(160), ""), _xlfn.UNICHAR(8203), "" ), "/kg", "" ), "$", "" ) )) -> 14.261.70 | H85: =SUBSTITUTE(G85, ",", ".") -> 14.261.70 | I85: =SUBSTITUTE(H85, ".", "", 1) -> 14261.70 | J85: =VALUE(I85) -> 14261.7 | K85: =VALUE(J85) -> 14261.7
A86: 11 al 17​ de diciembre ​​​​de 2023 ​​​​​​​​​​ | B86: =LEFT(A86, FIND("de", A86)-2) -> 11 al 17​ | C86: ​$14.161.7​0​​​​​​​​​​​​​​​​​​​​​​ | D86: =IFERROR(MID(A86,FIND("202",A86),4),"") -> 2023 | E86: {=CHOOSE(MATCH(TRUE,ISNUMBER(SEARCH({"enero","febrero","marzo","abril","mayo","junio","julio","agosto","septiembre","octubre","noviembre","diciembre"},LOWER(A86))),0), 1,2,3,4,5,6,7,8,9,10,11,12)} -> 12 | F86: =_xlfn.CONCAT(E86,"/1/",D86) -> 12/1/2023 | G86: =TRIM(CLEAN( SUBSTITUTE( SUBSTITUTE( SUBSTITUTE( SUBSTITUTE(C86, CHAR(160), ""), _xlfn.UNICHAR(8203), "" ), "/kg", "" ), "$", "" ) )) -> 14.161.70 | H86: =SUBSTITUTE(G86, ",", ".") -> 14.161.70 | I86: =SUBSTITUTE(H86, ".", "", 1) -> 14161.70 | J86: =VALUE(I86) -> 14161.7 | K86: =VALUE(J86) -> 14161.7
A87: 04 al 10​ de diciembre ​​​​de 2023 ​​​​​​​​​​ | B87: =LEFT(A87, FIND("de", A87)-2) -> 04 al 10​ | C87: ​$14.154.6​0​​​​​​​​​​​​​​​​​​​​​​ | D87: =IFERROR(MID(A87,FIND("202",A87),4),"") -> 2023 | E87: {=CHOOSE(MATCH(TRUE,ISNUMBER(SEARCH({"enero","febrero","marzo","abril","mayo","junio","julio","agosto","septiembre","octubre","noviembre","diciembre"},LOWER(A87))),0), 1,2,3,4,5,6,7,8,9,10,11,12)} -> 12 | F87: =_xlfn.CONCAT(E87,"/1/",D87) -> 12/1/2023 | G87: =TRIM(CLEAN( SUBSTITUTE( SUBSTITUTE( SUBSTITUTE( SUBSTITUTE(C87, CHAR(160), ""), _xlfn.UNICHAR(8203), "" ), "/kg", "" ), "$", "" ) )) -> 14.154.60 | H87: =SUBSTITUTE(G87, ",", ".") -> 14.154.60 | I87: =SUBSTITUTE(H87, ".", "", 1) -> 14154.60 | J87: =VALUE(I87) -> 14154.6 | K87: =VALUE(J87) -> 14154.6
A88: 27 de noviembre al 03​ de diciembre ​​​​de 2023 ​​​​​​​​​​ | B88: 27 al 3 | C88: ​$14.038.30​​​​​​​​​​​​​​​​​​​​​​ | D88: =IFERROR(MID(A88,FIND("202",A88),4),"") -> 2023 | E88: {=CHOOSE(MATCH(TRUE,ISNUMBER(SEARCH({"enero","febrero","marzo","abril","mayo","junio","julio","agosto","septiembre","octubre","noviembre","diciembre"},LOWER(A88))),0), 1,2,3,4,5,6,7,8,9,10,11,12)} -> 11 | F88: =_xlfn.CONCAT(E88,"/1/",D88) -> 11/1/2023 | G88: =TRIM(CLEAN( SUBSTITUTE( SUBSTITUTE( SUBSTITUTE( SUBSTITUTE(C88, CHAR(160), ""), _xlfn.UNICHAR(8203), "" ), "/kg", "" ), "$", "" ) )) -> 14.038.30 | H88: =SUBSTITUTE(G88, ",", ".") -> 14.038.30 | I88: =SUBSTITUTE(H88, ".", "", 1) -> 14038.30 | J88: =VALUE(I88) -> 14038.3 | K88: =VALUE(J88) -> 14038.3
A89: 20 al 26​ de noviembre ​​​​de 2023 ​​​​​​​​​​ | B89: =LEFT(A89, FIND("de", A89)-2) -> 20 al 26​ | C89: ​$13.657.5​​​​​​0​​​​​​​​​​​​​​​​​​​​​​ | D89: =IFERROR(MID(A89,FIND("202",A89),4),"") -> 2023 | E89: {=CHOOSE(MATCH(TRUE,ISNUMBER(SEARCH({"enero","febrero","marzo","abril","mayo","junio","julio","agosto","septiembre","octubre","noviembre","diciembre"},LOWER(A89))),0), 1,2,3,4,5,6,7,8,9,10,11,12)} -> 11 | F89: =_xlfn.CONCAT(E89,"/1/",D89) -> 11/1/2023 | G89: =TRIM(CLEAN( SUBSTITUTE( SUBSTITUTE( SUBSTITUTE( SUBSTITUTE(C89, CHAR(160), ""), _xlfn.UNICHAR(8203), "" ), "/kg", "" ), "$", "" ) )) -> 13.657.50 | H89: =SUBSTITUTE(G89, ",", ".") -> 13.657.50 | I89: =SUBSTITUTE(H89, ".", "", 1) -> 13657.50 | J89: =VALUE(I89) -> 13657.5 | K89: =VALUE(J89) -> 13657.5
A90: ​13 al 19​ de noviembre ​​​​de 2023 ​​​​​​​​​​ | B90: =LEFT(A90, FIND("de", A90)-2) -> ​13 al 19​ | C90: ​$13.531.7​​​​​0​​​​​​​​​​​​​​​​​​​​​​ | D90: =IFERROR(MID(A90,FIND("202",A90),4),"") -> 2023 | E90: {=CHOOSE(MATCH(TRUE,ISNUMBER(SEARCH({"enero","febrero","marzo","abril","mayo","junio","julio","agosto","septiembre","octubre","noviembre","diciembre"},LOWER(A90))),0), 1,2,3,4,5,6,7,8,9,10,11,12)} -> 11 | F90: =_xlfn.CONCAT(E90,"/1/",D90) -> 11/1/2023 | G90: =TRIM(CLEAN( SUBSTITUTE( SUBSTITUTE( SUBSTITUTE( SUBSTITUTE(C90, CHAR(160), ""), _xlfn.UNICHAR(8203), "" ), "/kg", "" ), "$", "" ) )) -> 13.531.70 | H90: =SUBSTITUTE(G90, ",", ".") -> 13.531.70 | I90: =SUBSTITUTE(H90, ".", "", 1) -> 13531.70 | J90: =VALUE(I90) -> 13531.7 | K90: =VALUE(J90) -> 13531.7
A91: 06 al 12​ de noviembre ​​​​de 2023 ​​​​​​​​​​ | B91: =LEFT(A91, FIND("de", A91)-2) -> 06 al 12​ | C91: ​$13.337.3​​​​0​​​​​​​​​​​​​​​​​​​​​​ | D91: =IFERROR(MID(A91,FIND("202",A91),4),"") -> 2023 | E91: {=CHOOSE(MATCH(TRUE,ISNUMBER(SEARCH({"enero","febrero","marzo","abril","mayo","junio","julio","agosto","septiembre","octubre","noviembre","diciembre"},LOWER(A91))),0), 1,2,3,4,5,6,7,8,9,10,11,12)} -> 11 | F91: =_xlfn.CONCAT(E91,"/1/",D91) -> 11/1/2023 | G91: =TRIM(CLEAN( SUBSTITUTE( SUBSTITUTE( SUBSTITUTE( SUBSTITUTE(C91, CHAR(160), ""), _xlfn.UNICHAR(8203), "" ), "/kg", "" ), "$", "" ) )) -> 13.337.30 | H91: =SUBSTITUTE(G91, ",", ".") -> 13.337.30 | I91: =SUBSTITUTE(H91, ".", "", 1) -> 13337.30 | J91: =VALUE(I91) -> 13337.3 | K91: =VALUE(J91) -> 13337.3
A92: 30 de octubre al 05​ de noviembre ​​​​de 2023 ​​​​​​​​​​ | B92: 30 al 5 | C92: ​$13.166.7​​​0​​​​​​​​​​​​​​​​​​​​​​ | D92: =IFERROR(MID(A92,FIND("202",A92),4),"") -> 2023 | E92: {=CHOOSE(MATCH(TRUE,ISNUMBER(SEARCH({"enero","febrero","marzo","abril","mayo","junio","julio","agosto","septiembre","octubre","noviembre","diciembre"},LOWER(A92))),0), 1,2,3,4,5,6,7,8,9,10,11,12)} -> 10 | F92: =_xlfn.CONCAT(E92,"/1/",D92) -> 10/1/2023 | G92: =TRIM(CLEAN( SUBSTITUTE( SUBSTITUTE( SUBSTITUTE( SUBSTITUTE(C92, CHAR(160), ""), _xlfn.UNICHAR(8203), "" ), "/kg", "" ), "$", "" ) )) -> 13.166.70 | H92: =SUBSTITUTE(G92, ",", ".") -> 13.166.70 | I92: =SUBSTITUTE(H92, ".", "", 1) -> 13166.70 | J92: =VALUE(I92) -> 13166.7 | K92: =VALUE(J92) -> 13166.7
A93: 23 al 29​ de octubre ​​​​de 2023 ​​​​​​​​​​ | B93: =LEFT(A93, FIND("de", A93)-2) -> 23 al 29​ | C93: ​$12.889.17​​​​​​​​​​​​​​​​​​​​​​ | D93: =IFERROR(MID(A93,FIND("202",A93),4),"") -> 2023 | E93: {=CHOOSE(MATCH(TRUE,ISNUMBER(SEARCH({"enero","febrero","marzo","abril","mayo","junio","julio","agosto","septiembre","octubre","noviembre","diciembre"},LOWER(A93))),0), 1,2,3,4,5,6,7,8,9,10,11,12)} -> 10 | F93: =_xlfn.CONCAT(E93,"/1/",D93) -> 10/1/2023 | G93: =TRIM(CLEAN( SUBSTITUTE( SUBSTITUTE( SUBSTITUTE( SUBSTITUTE(C93, CHAR(160), ""), _xlfn.UNICHAR(8203), "" ), "/kg", "" ), "$", "" ) )) -> 12.889.17 | H93: =SUBSTITUTE(G93, ",", ".") -> 12.889.17 | I93: =SUBSTITUTE(H93, ".", "", 1) -> 12889.17 | J93: =VALUE(I93) -> 12889.17 | K93: =VALUE(J93) -> 12889.17
A94: 16 al 22​ de octubre ​​​​de 2023 ​​​​​​​​​​ | B94: =LEFT(A94, FIND("de", A94)-2) -> 16 al 22​ | C94: ​$12.613.3​​0​​​​​​​​​​​​​​​​​​​​​​ | D94: =IFERROR(MID(A94,FIND("202",A94),4),"") -> 2023 | E94: {=CHOOSE(MATCH(TRUE,ISNUMBER(SEARCH({"enero","febrero","marzo","abril","mayo","junio","julio","agosto","septiembre","octubre","noviembre","diciembre"},LOWER(A94))),0), 1,2,3,4,5,6,7,8,9,10,11,12)} -> 10 | F94: =_xlfn.CONCAT(E94,"/1/",D94) -> 10/1/2023 | G94: =TRIM(CLEAN( SUBSTITUTE( SUBSTITUTE( SUBSTITUTE( SUBSTITUTE(C94, CHAR(160), ""), _xlfn.UNICHAR(8203), "" ), "/kg", "" ), "$", "" ) )) -> 12.613.30 | H94: =SUBSTITUTE(G94, ",", ".") -> 12.613.30 | I94: =SUBSTITUTE(H94, ".", "", 1) -> 12613.30 | J94: =VALUE(I94) -> 12613.3 | K94: =VALUE(J94) -> 12613.3
A95: 09 al 15​ de octubre ​​​​de 2023 ​​​​​​​​​​ | B95: =LEFT(A95, FIND("de", A95)-2) -> 09 al 15​ | C95: ​$12.449.2​​​0​​​​​​​​​​​​​​​​​​​​​​ | D95: =IFERROR(MID(A95,FIND("202",A95),4),"") -> 2023 | E95: {=CHOOSE(MATCH(TRUE,ISNUMBER(SEARCH({"enero","febrero","marzo","abril","mayo","junio","julio","agosto","septiembre","octubre","noviembre","diciembre"},LOWER(A95))),0), 1,2,3,4,5,6,7,8,9,10,11,12)} -> 10 | F95: =_xlfn.CONCAT(E95,"/1/",D95) -> 10/1/2023 | G95: =TRIM(CLEAN( SUBSTITUTE( SUBSTITUTE( SUBSTITUTE( SUBSTITUTE(C95, CHAR(160), ""), _xlfn.UNICHAR(8203), "" ), "/kg", "" ), "$", "" ) )) -> 12.449.20 | H95: =SUBSTITUTE(G95, ",", ".") -> 12.449.20 | I95: =SUBSTITUTE(H95, ".", "", 1) -> 12449.20 | J95: =VALUE(I95) -> 12449.2 | K95: =VALUE(J95) -> 12449.2
A96: 02 al 08​ de octubre ​​​​de 2023 ​​​​​​​​​​ | B96: =LEFT(A96, FIND("de", A96)-2) -> 02 al 08​ | C96: ​$12.335.00​​​​​​​​​​​​​​​​​​​​​​ | D96: =IFERROR(MID(A96,FIND("202",A96),4),"") -> 2023 | E96: {=CHOOSE(MATCH(TRUE,ISNUMBER(SEARCH({"enero","febrero","marzo","abril","mayo","junio","julio","agosto","septiembre","octubre","noviembre","diciembre"},LOWER(A96))),0), 1,2,3,4,5,6,7,8,9,10,11,12)} -> 10 | F96: =_xlfn.CONCAT(E96,"/1/",D96) -> 10/1/2023 | G96: =TRIM(CLEAN( SUBSTITUTE( SUBSTITUTE( SUBSTITUTE( SUBSTITUTE(C96, CHAR(160), ""), _xlfn.UNICHAR(8203), "" ), "/kg", "" ), "$", "" ) )) -> 12.335.00 | H96: =SUBSTITUTE(G96, ",", ".") -> 12.335.00 | I96: =SUBSTITUTE(H96, ".", "", 1) -> 12335.00 | J96: =VALUE(I96) -> 12335 | K96: =VALUE(J96) -> 12335
A97: 25 de septiembre al 01​ de octubre ​​​​de 2023 ​​​​​​​​​​ | B97: 25 al 1 | C97: ​$12.396,​​​​​​​​​​​​​8​0​​​​​​​​​​​​ | D97: =IFERROR(MID(A97,FIND("202",A97),4),"") -> 2023 | E97: {=CHOOSE(MATCH(TRUE,ISNUMBER(SEARCH({"enero","febrero","marzo","abril","mayo","junio","julio","agosto","septiembre","octubre","noviembre","diciembre"},LOWER(A97))),0), 1,2,3,4,5,6,7,8,9,10,11,12)} -> 9 | F97: =_xlfn.CONCAT(E97,"/1/",D97) -> 9/1/2023 | G97: =TRIM(CLEAN( SUBSTITUTE( SUBSTITUTE( SUBSTITUTE( SUBSTITUTE(C97, CHAR(160), ""), _xlfn.UNICHAR(8203), "" ), "/kg", "" ), "$", "" ) )) -> 12.396,80 | H97: =SUBSTITUTE(G97, ",", ".") -> 12.396.80 | I97: =SUBSTITUTE(H97, ".", "", 1) -> 12396.80 | J97: =VALUE(I97) -> 12396.8 | K97: =VALUE(J97) -> 12396.8
A98: 18 al 24​ de septiembre ​​​​de 2023 ​​​​​​​​​​ | B98: =LEFT(A98, FIND("de", A98)-2) -> 18 al 24​ | C98: ​$12.506,​​​​​​​​​​​​​7​​​​​0​​​​​​​​​​​​ | D98: =IFERROR(MID(A98,FIND("202",A98),4),"") -> 2023 | E98: {=CHOOSE(MATCH(TRUE,ISNUMBER(SEARCH({"enero","febrero","marzo","abril","mayo","junio","julio","agosto","septiembre","octubre","noviembre","diciembre"},LOWER(A98))),0), 1,2,3,4,5,6,7,8,9,10,11,12)} -> 9 | F98: =_xlfn.CONCAT(E98,"/1/",D98) -> 9/1/2023 | G98: =TRIM(CLEAN( SUBSTITUTE( SUBSTITUTE( SUBSTITUTE( SUBSTITUTE(C98, CHAR(160), ""), _xlfn.UNICHAR(8203), "" ), "/kg", "" ), "$", "" ) )) -> 12.506,70 | H98: =SUBSTITUTE(G98, ",", ".") -> 12.506.70 | I98: =SUBSTITUTE(H98, ".", "", 1) -> 12506.70 | J98: =VALUE(I98) -> 12506.7 | K98: =VALUE(J98) -> 12506.7
A99: 11 al 17​ de septiembre ​​​​de 2023 ​​​​​​​​​​ | B99: =LEFT(A99, FIND("de", A99)-2) -> 11 al 17​ | C99: ​$12.462,​​​​​​​​​​​​​2​​​0​​​​​​​​​​​​ | D99: =IFERROR(MID(A99,FIND("202",A99),4),"") -> 2023 | E99: {=CHOOSE(MATCH(TRUE,ISNUMBER(SEARCH({"enero","febrero","marzo","abril","mayo","junio","julio","agosto","septiembre","octubre","noviembre","diciembre"},LOWER(A99))),0), 1,2,3,4,5,6,7,8,9,10,11,12)} -> 9 | F99: =_xlfn.CONCAT(E99,"/1/",D99) -> 9/1/2023 | G99: =TRIM(CLEAN( SUBSTITUTE( SUBSTITUTE( SUBSTITUTE( SUBSTITUTE(C99, CHAR(160), ""), _xlfn.UNICHAR(8203), "" ), "/kg", "" ), "$", "" ) )) -> 12.462,20 | H99: =SUBSTITUTE(G99, ",", ".") -> 12.462.20 | I99: =SUBSTITUTE(H99, ".", "", 1) -> 12462.20 | J99: =VALUE(I99) -> 12462.2 | K99: =VALUE(J99) -> 12462.2
A100: 04 al 10​ de septiembre ​​​​de 2023 ​​​​​​​​​​ | B100: =LEFT(A100, FIND("de", A100)-2) -> 04 al 10​ | C100: ​$12.172​​,​​​​​​​​​​​​​5​​0​​​​​​​​​​​​ | D100: =IFERROR(MID(A100,FIND("202",A100),4),"") -> 2023 | E100: {=CHOOSE(MATCH(TRUE,ISNUMBER(SEARCH({"enero","febrero","marzo","abril","mayo","junio","julio","agosto","septiembre","octubre","noviembre","diciembre"},LOWER(A100))),0), 1,2,3,4,5,6,7,8,9,10,11,12)} -> 9 | F100: =_xlfn.CONCAT(E100,"/1/",D100) -> 9/1/2023 | G100: =TRIM(CLEAN( SUBSTITUTE( SUBSTITUTE( SUBSTITUTE( SUBSTITUTE(C100, CHAR(160), ""), _xlfn.UNICHAR(8203), "" ), "/kg", "" ), "$", "" ) )) -> 12.172,50 | H100: =SUBSTITUTE(G100, ",", ".") -> 12.172.50 | I100: =SUBSTITUTE(H100, ".", "", 1) -> 12172.50 | J100: =VALUE(I100) -> 12172.5 | K100: =VALUE(J100) -> 12172.5
A101: 28 de agosto al 3​ de septiembre ​​​​de 2023 ​​​​​​​​​ | B101: 28 al 3 | C101: ​$12.140​​,​​​​​​​​​​​​​2​0​​​​​​​​​​​​ | D101: =IFERROR(MID(A101,FIND("202",A101),4),"") -> 2023 | E101: {=CHOOSE(MATCH(TRUE,ISNUMBER(SEARCH({"enero","febrero","marzo","abril","mayo","junio","julio","agosto","septiembre","octubre","noviembre","diciembre"},LOWER(A101))),0), 1,2,3,4,5,6,7,8,9,10,11,12)} -> 8 | F101: =_xlfn.CONCAT(E101,"/1/",D101) -> 8/1/2023 | G101: =TRIM(CLEAN( SUBSTITUTE( SUBSTITUTE( SUBSTITUTE( SUBSTITUTE(C101, CHAR(160), ""), _xlfn.UNICHAR(8203), "" ), "/kg", "" ), "$", "" ) )) -> 12.140,20 | H101: =SUBSTITUTE(G101, ",", ".") -> 12.140.20 | I101: =SUBSTITUTE(H101, ".", "", 1) -> 12140.20 | J101: =VALUE(I101) -> 12140.2 | K101: =VALUE(J101) -> 12140.2
A102: 21 al 27 de agosto ​​​​de 2023 ​​​​​​​​​ | B102: =LEFT(A102, FIND("de", A102)-2) -> 21 al 27 | C102: ​$12.106,​​​​​​​​​​​​​70​​​​​​​​​​​​ | D102: =IFERROR(MID(A102,FIND("202",A102),4),"") -> 2023 | E102: {=CHOOSE(MATCH(TRUE,ISNUMBER(SEARCH({"enero","febrero","marzo","abril","mayo","junio","julio","agosto","septiembre","octubre","noviembre","diciembre"},LOWER(A102))),0), 1,2,3,4,5,6,7,8,9,10,11,12)} -> 8 | F102: =_xlfn.CONCAT(E102,"/1/",D102) -> 8/1/2023 | G102: =TRIM(CLEAN( SUBSTITUTE( SUBSTITUTE( SUBSTITUTE( SUBSTITUTE(C102, CHAR(160), ""), _xlfn.UNICHAR(8203), "" ), "/kg", "" ), "$", "" ) )) -> 12.106,70 | H102: =SUBSTITUTE(G102, ",", ".") -> 12.106.70 | I102: =SUBSTITUTE(H102, ".", "", 1) -> 12106.70 | J102: =VALUE(I102) -> 12106.7 | K102: =VALUE(J102) -> 12106.7
A103: 14 al 20​ de agosto ​​​​de 2023 ​​​​​​​​​ | B103: =LEFT(A103, FIND("de", A103)-2) -> 14 al 20​ | C103: ​$12.140​​,​​​​​​​​​​​​​00​​​​​​​​​​​​ | D103: =IFERROR(MID(A103,FIND("202",A103),4),"") -> 2023 | E103: {=CHOOSE(MATCH(TRUE,ISNUMBER(SEARCH({"enero","febrero","marzo","abril","mayo","junio","julio","agosto","septiembre","octubre","noviembre","diciembre"},LOWER(A103))),0), 1,2,3,4,5,6,7,8,9,10,11,12)} -> 8 | F103: =_xlfn.CONCAT(E103,"/1/",D103) -> 8/1/2023 | G103: =TRIM(CLEAN( SUBSTITUTE( SUBSTITUTE( SUBSTITUTE( SUBSTITUTE(C103, CHAR(160), ""), _xlfn.UNICHAR(8203), "" ), "/kg", "" ), "$", "" ) )) -> 12.140,00 | H103: =SUBSTITUTE(G103, ",", ".") -> 12.140.00 | I103: =SUBSTITUTE(H103, ".", "", 1) -> 12140.00 | J103: =VALUE(I103) -> 12140 | K103: =VALUE(J103) -> 12140
A104: 07 al 13​ de agosto ​​​​de 2023 ​​​​​​​​​ | B104: =LEFT(A104, FIND("de", A104)-2) -> 07 al 13​ | C104: ​$12.4​49​​,​​​​​​​​​​​​​70​​​​​​​​​​​​ | D104: =IFERROR(MID(A104,FIND("202",A104),4),"") -> 2023 | E104: {=CHOOSE(MATCH(TRUE,ISNUMBER(SEARCH({"enero","febrero","marzo","abril","mayo","junio","julio","agosto","septiembre","octubre","noviembre","diciembre"},LOWER(A104))),0), 1,2,3,4,5,6,7,8,9,10,11,12)} -> 8 | F104: =_xlfn.CONCAT(E104,"/1/",D104) -> 8/1/2023 | G104: =TRIM(CLEAN( SUBSTITUTE( SUBSTITUTE( SUBSTITUTE( SUBSTITUTE(C104, CHAR(160), ""), _xlfn.UNICHAR(8203), "" ), "/kg", "" ), "$", "" ) )) -> 12.449,70 | H104: =SUBSTITUTE(G104, ",", ".") -> 12.449.70 | I104: =SUBSTITUTE(H104, ".", "", 1) -> 12449.70 | J104: =VALUE(I104) -> 12449.7 | K104: =VALUE(J104) -> 12449.7
A105: 31 de julio al 06​ de agosto ​​​​de 2023 ​​​​​​​​​ | B105: 31 al 6 | C105: ​$12.4​00​​,0​​​​​​​​​​​​0​​​​​​​​​​​​ | D105: =IFERROR(MID(A105,FIND("202",A105),4),"") -> 2023 | E105: {=CHOOSE(MATCH(TRUE,ISNUMBER(SEARCH({"enero","febrero","marzo","abril","mayo","junio","julio","agosto","septiembre","octubre","noviembre","diciembre"},LOWER(A105))),0), 1,2,3,4,5,6,7,8,9,10,11,12)} -> 7 | F105: =_xlfn.CONCAT(E105,"/1/",D105) -> 7/1/2023 | G105: =TRIM(CLEAN( SUBSTITUTE( SUBSTITUTE( SUBSTITUTE( SUBSTITUTE(C105, CHAR(160), ""), _xlfn.UNICHAR(8203), "" ), "/kg", "" ), "$", "" ) )) -> 12.400,00 | H105: =SUBSTITUTE(G105, ",", ".") -> 12.400.00 | I105: =SUBSTITUTE(H105, ".", "", 1) -> 12400.00 | J105: =VALUE(I105) -> 12400 | K105: =VALUE(J105) -> 12400
A106: 24 al 30​ de julio ​​​​de 2023 ​​​​​​​​​ | B106: =LEFT(A106, FIND("de", A106)-2) -> 24 al 30​ | C106: ​$12.300​​,0​​​​​​​​​​​​0​​​​​​​​​​​​ | D106: =IFERROR(MID(A106,FIND("202",A106),4),"") -> 2023 | E106: {=CHOOSE(MATCH(TRUE,ISNUMBER(SEARCH({"enero","febrero","marzo","abril","mayo","junio","julio","agosto","septiembre","octubre","noviembre","diciembre"},LOWER(A106))),0), 1,2,3,4,5,6,7,8,9,10,11,12)} -> 7 | F106: =_xlfn.CONCAT(E106,"/1/",D106) -> 7/1/2023 | G106: =TRIM(CLEAN( SUBSTITUTE( SUBSTITUTE( SUBSTITUTE( SUBSTITUTE(C106, CHAR(160), ""), _xlfn.UNICHAR(8203), "" ), "/kg", "" ), "$", "" ) )) -> 12.300,00 | H106: =SUBSTITUTE(G106, ",", ".") -> 12.300.00 | I106: =SUBSTITUTE(H106, ".", "", 1) -> 12300.00 | J106: =VALUE(I106) -> 12300 | K106: =VALUE(J106) -> 12300
...

Sheet Cleaned_Colombian_Cacao
A1: date | B1: week_raw | C1: week | D1: price_cop_per_kg
A2: 41456 | B2: 1 - 7 | C2: =SUBSTITUTE(B2,"-","–") -> 1 – 7 | D2: 3762.5
A3: 41456 | B3: 8 - 4 | C3: =SUBSTITUTE(B3,"-","–") -> 8 – 4 | D3: 3797.5
A4: 41456 | B4: 15 - 21 | C4: =SUBSTITUTE(B4,"-","–") -> 15 – 21 | D4: 3737.5
A5: 41456 | B5: 22 - 28 | C5: =SUBSTITUTE(B5,"-","–") -> 22 – 28 | D5: 3797.5
A6: 41487 | B6: 29 - 4 | C6: =SUBSTITUTE(B6,"-","–") -> 29 – 4 | D6: 3937.5
A7: 41487 | B7: 5 - 1 | C7: =SUBSTITUTE(B7,"-","–") -> 5 – 1 | D7: 3897.5
A8: 41487 | B8: 12 - 18 | C8: =SUBSTITUTE(B8,"-","–") -> 12 – 18 | D8: 4012.5
A9: 41487 | B9: 19 - 25 | C9: =SUBSTITUTE(B9,"-","–") -> 19 – 25 | D9: 4137.5
A10: 41487 | B10: 26 - 1 | C10: =SUBSTITUTE(B10,"-","–") -> 26 – 1 | D10: 4217.5
A11: 41518 | B11: 2 - 8 | C11: =SUBSTITUTE(B11,"-","–") -> 2 – 8 | D11: 4287.5
A12: 41518 | B12: 9 - 5 | C12: =SUBSTITUTE(B12,"-","–") -> 9 – 5 | D12: 4287.5
A13: 41518 | B13: 16 - 22 | C13: =SUBSTITUTE(B13,"-","–") -> 16 – 22 | D13: 4462.5
... A577: 45474 | B577: 15 - 21 | C577: =SUBSTITUTE(B577,"-","–") -> 15 – 21 | D577: 29218
A578: 7/1/2024 | B578: 22 - 28 | C578: =SUBSTITUTE(B578,"-","–") -> 22 – 28 | D578: 29380.8
A579: 7/1/2024 | B579: 29 - 04 | C579: =SUBSTITUTE(B579,"-","–") -> 29 – 04 | D579: 30001.3
A580: 8/1/2024 | B580: 05 - 11 | C580: =SUBSTITUTE(B580,"-","–") -> 05 – 11 | D580: 29737
A581: 8/1/2024 | B581: 12 - 18 | C581: =SUBSTITUTE(B581,"-","–") -> 12 – 18 | D581: 30532.5
A582: 8/1/2024 | B582: 19 - 25 | C582: =SUBSTITUTE(B582,"-","–") -> 19 – 25 | D582: 28863.7
A583: 8/1/2024 | B583: 26 - 01 | C583: =SUBSTITUTE(B583,"-","–") -> 26 – 01 | D583: 29505
A584: 9/1/2024 | B584: 02 - 08 | C584: =SUBSTITUTE(B584,"-","–") -> 02 – 08 | D584: 31460.8
A585: 9/1/2024 | B585: 09 - 15 | C585: =SUBSTITUTE(B585,"-","–") -> 09 – 15 | D585: 29681
A586: 9/1/2024 | B586: 16 - 22 | C586: =SUBSTITUTE(B586,"-","–") -> 16 – 22 | D586: 30525.8
A587: 9/1/2024 | B587: 23 - 29 | C587: =SUBSTITUTE(B587,"-","–") -> 23 – 29 | D587: 30882.2
A588: 9/1/2024 | B588: 30 - 06 | C588: =SUBSTITUTE(B588,"-","–") -> 30 – 06 | D588: 31437.7
A589: 10/1/2024 | B589: 07 - 13 | C589: =SUBSTITUTE(B589,"-","–") -> 07 – 13 | D589: 29845
... A630: 7/1/2025 | B630: 28 - 03 | C630: =SUBSTITUTE(B630,"-","–") -> 28 – 03 | D630: 23747

Sheet Monthly_Colombian_Cacao
A1: raw_date | B1: date | C1: month_sum | D1: number_weeks | E1: avg_month | F1: trm_usd | G1: price_usd_metric_kilogram | H1: price_usd_metric_ton
A2: 41456 | B2: 2013-07-01 | C2: =SUMIF(Cleaned_Colombian_Cacao!$A:$A,A2,Cleaned_Colombian_Cacao!$D:$D) -> 15095 | D2: =COUNTIF(Cleaned_Colombian_Cacao!$A:$A,A2) -> 4 | E2: =C2/D2 -> 3773.75 | F2: =_xlfn.XLOOKUP(A2,Monthly_TRM_Cop_Usd!A:A,Monthly_TRM_Cop_Usd!B:B, "Not found") -> 1901.5426 | G2: =E2/F2 -> 1.984573 | H2: =G2*1000 -> 1984.573
A3: 41487 | B3: 2013-08-01 | C3: =SUMIF(Cleaned_Colombian_Cacao!$A:$A,A3,Cleaned_Colombian_Cacao!$D:$D) -> 20202.5 | D3: =COUNTIF(Cleaned_Colombian_Cacao!$A:$A,A3) -> 5 | E3: =C3/D3 -> 4040.5 | F3: =_xlfn.XLOOKUP(A3,Monthly_TRM_Cop_Usd!A:A,Monthly_TRM_Cop_Usd!B:B, "Not found") -> 1902.1042 | G3: =E3/F3 -> 2.1242264 | H3: =G3*1000 -> 2124.2264
A4: 41518 | B4: 2013-09-01 | C4: =SUMIF(Cleaned_Colombian_Cacao!$A:$A,A4,Cleaned_Colombian_Cacao!$D:$D) -> 17515 | D4: =COUNTIF(Cleaned_Colombian_Cacao!$A:$A,A4) -> 4 | E4: =C4/D4 -> 4378.75 | F4: =_xlfn.XLOOKUP(A4,Monthly_TRM_Cop_Usd!A:A,Monthly_TRM_Cop_Usd!B:B, "Not found") -> 1919.5123 | G4: =E4/F4 -> 2.2811784 | H4: =G4*1000 -> 2281.1784
A5: 41548 | B5: 2013-10-01 | C5: =SUMIF(Cleaned_Colombian_Cacao!$A:$A,A5,Cleaned_Colombian_Cacao!$D:$D) -> 22937.5 | D5: =COUNTIF(Cleaned_Colombian_Cacao!$A:$A,A5) -> 5 | E5: =C5/D5 -> 4587.5 | F5: =_xlfn.XLOOKUP(A5,Monthly_TRM_Cop_Usd!A:A,Monthly_TRM_Cop_Usd!B:B, "Not found") -> 1885.1313 | G5: =E5/F5 -> 2.4335175 | H5: =G5*1000 -> 2433.5175
A6: 41579 | B6: 2013-11-01 | C6: =SUMIF(Cleaned_Colombian_Cacao!$A:$A,A6,Cleaned_Colombian_Cacao!$D:$D) -> 18937.5 | D6: =COUNTIF(Cleaned_Colombian_Cacao!$A:$A,A6) -> 4 | E6: =C6/D6 -> 4734.375 | F6: =_xlfn.XLOOKUP(A6,Monthly_TRM_Cop_Usd!A:A,Monthly_TRM_Cop_Usd!B:B, "Not found") -> 1921.753 | G6: =E6/F6 -> 2.463571 | H6: =G6*1000 -> 2463.571
A7: 41609 | B7: 2013-12-01 | C7: =SUMIF(Cleaned_Colombian_Cacao!$A:$A,A7,Cleaned_Colombian_Cacao!$D:$D) -> 19550 | D7: =COUNTIF(Cleaned_Colombian_Cacao!$A:$A,A7) -> 4 | E7: =C7/D7 -> 4887.5 | F7: =_xlfn.XLOOKUP(A7,Monthly_TRM_Cop_Usd!A:A,Monthly_TRM_Cop_Usd!B:B, "Not found") -> 1932.9561 | G7: =E7/F7 -> 2.5285106 | H7: =G7*1000 -> 2528.5106
A8: 41640 | B8: 2014-01-01 | C8: =SUMIF(Cleaned_Colombian_Cacao!$A:$A,A8,Cleaned_Colombian_Cacao!$D:$D) -> 19200 | D8: =COUNTIF(Cleaned_Colombian_Cacao!$A:$A,A8) -> 4 | E8: =C8/D8 -> 4800 | F8: =_xlfn.XLOOKUP(A8,Monthly_TRM_Cop_Usd!A:A,Monthly_TRM_Cop_Usd!B:B, "Not found") -> 1957.2871 | G8: =E8/F8 -> 2.452374 | H8: =G8*1000 -> 2452.374
A9: 41671 | B9: 2014-02-01 | C9: =SUMIF(Cleaned_Colombian_Cacao!$A:$A,A9,Cleaned_Colombian_Cacao!$D:$D) -> 25150 | D9: =COUNTIF(Cleaned_Colombian_Cacao!$A:$A,A9) -> 5 | E9: =C9/D9 -> 5030 | F9: =_xlfn.XLOOKUP(A9,Monthly_TRM_Cop_Usd!A:A,Monthly_TRM_Cop_Usd!B:B, "Not found") -> 2038.4925 | G9: =E9/F9 -> 2.4675097 | H9: =G9*1000 -> 2467.5097
A10: 41699 | B10: 2014-03-01 | C10: =SUMIF(Cleaned_Colombian_Cacao!$A:$A,A10,Cleaned_Colombian_Cacao!$D:$D) -> 21550 | D10: =COUNTIF(Cleaned_Colombian_Cacao!$A:$A,A10) -> 4 | E10: =C10/D10 -> 5387.5 | F10: =_xlfn.XLOOKUP(A10,Monthly_TRM_Cop_Usd!A:A,Monthly_TRM_Cop_Usd!B:B, "Not found") -> 2019.7132 | G10: =E10/F10 -> 2.6674579 | H10: =G10*1000 -> 2667.4579
A11: 41730 | B11: 2014-04-01 | C11: =SUMIF(Cleaned_Colombian_Cacao!$A:$A,A11,Cleaned_Colombian_Cacao!$D:$D) -> 21750 | D11: =COUNTIF(Cleaned_Colombian_Cacao!$A:$A,A11) -> 4 | E11: =C11/D11 -> 5437.5 | F11: =_xlfn.XLOOKUP(A11,Monthly_TRM_Cop_Usd!A:A,Monthly_TRM_Cop_Usd!B:B, "Not found") -> 1938.3603 | G11: =E11/F11 -> 2.805206 | H11: =G11*1000 -> 2805.206
A12: 41760 | B12: 2014-05-01 | C12: =SUMIF(Cleaned_Colombian_Cacao!$A:$A,A12,Cleaned_Colombian_Cacao!$D:$D) -> 26475 | D12: =COUNTIF(Cleaned_Colombian_Cacao!$A:$A,A12) -> 5 | E12: =C12/D12 -> 5295 | F12: =_xlfn.XLOOKUP(A12,Monthly_TRM_Cop_Usd!A:A,Monthly_TRM_Cop_Usd!B:B, "Not found") -> 1915.361 | G12: =E12/F12 -> 2.764492 | H12: =G12*1000 -> 2764.492
A13: 41791 | B13: 2014-06-01 | C13: =SUMIF(Cleaned_Colombian_Cacao!$A:$A,A13,Cleaned_Colombian_Cacao!$D:$D) -> 20887.5 | D13: =COUNTIF(Cleaned_Colombian_Cacao!$A:$A,A13) -> 4 | E13: =C13/D13 -> 5221.875 | F13: =_xlfn.XLOOKUP(A13,Monthly_TRM_Cop_Usd!A:A,Monthly_TRM_Cop_Usd!B:B, "Not found") -> 1887.0393 | G13: =E13/F13 -> 2.7672317 | H13: =G13*1000 -> 2767.2317
... A146: 45839 | B146: 2025-07-01 | C146: =SUMIF(Cleaned_Colombian_Cacao!$A:$A,A146,Cleaned_Colombian_Cacao!$D:$D) -> 98537.5 | D146: =COUNTIF(Cleaned_Colombian_Cacao!$A:$A,A146) -> 4 | E146: =C146/D146 -> 24634.375 | F146: =_xlfn.XLOOKUP(A146,Monthly_TRM_Cop_Usd!A:A,Monthly_TRM_Cop_Usd!B:B, "Not found") -> 4010.7213 | G146: =E146/F146 -> 6.1421308 | H146: =G146*1000 -> 6142.1308

Sheet Raw_Global_Cacao
A1: observation_date | B1: PCOCOUSDM
A2: 32874 | B2: 995
A3: 32905 | B3: 1022
A4: 32933 | B4: 1131
A5: 32964 | B5: 1336
A6: 32994 | B6: 1443
A7: 33025 | B7: 1330
A8: 33055 | B8: 1346
A9: 33086 | B9: 1284
A10: 33117 | B10: 1371
A11: 33147 | B11: 1309
A12: 33178 | B12: 1352
A13: 33208 | B13: 1297
... A426: 45778 | B426: 9000.7873

Sheet Cleaned_Global_Cacao
A1: observation_date | B1: price_cocoa_usd_metric_ton
A2: 32874 | B2: 995
A3: 32905 | B3: 1022
A4: 32933 | B4: 1131
A5: 32964 | B5: 1336
A6: 32994 | B6: 1443
A7: 33025 | B7: 1330
A8: 33055 | B8: 1346
A9: 33086 | B9: 1284
A10: 33117 | B10: 1371
A11: 33147 | B11: 1309
A12: 33178 | B12: 1352
A13: 33208 | B13: 1297
... A426: 45778 | B426: 9000.7873

Sheet Raw_Trade_WITS
A1: Nomenclature | B1: ReporterCode | C1: ReporterISO3 | D1: ReporterName | E1: ProductCode | F1: PartnerCode | G1: PartnerISO3 | H1: PartnerName | I1: Year | J1: TradeFlowName | K1: TradeValue in 1000 USD
A2: H5 | B2: 8 | C2: ALB | D2: Albania | E2: 180632 | F2: 0 | G2: WLD | H2: World | I2: 2024 | J2: Gross Exports | K2: 60.440147
A3: H5 | B3: 31 | C3: AZE | D3: Azerbaijan | E3: 180632 | F3: 0 | G3: WLD | H3: World | I3: 2024 | J3: Gross Exports | K3: 22.344
A4: H5 | B4: 32 | C4: ARG | D4: Argentina | E4: 180632 | F4: 0 | G4: WLD | H4: World | I4: 2024 | J4: Gross Exports | K4: 8934.9589
A5: H5 | B5: 36 | C5: AUS | D5: Australia | E5: 180632 | F5: 0 | G5: WLD | H5: World | I5: 2024 | J5: Gross Exports | K5: 19816.752
A6: H5 | B6: 40 | C6: AUT | D6: Austria | E6: 180632 | F6: 0 | G6: WLD | H6: World | I6: 2024 | J6: Gross Exports | K6: 360504.02
A7: H5 | B7: 51 | C7: ARM | D7: Armenia | E7: 180632 | F7: 0 | G7: WLD | H7: World | I7: 2024 | J7: Gross Exports | K7: 376.2471
A8: H5 | B8: 52 | C8: BRB | D8: Barbados | E8: 180632 | F8: 0 | G8: WLD | H8: World | I8: 2024 | J8: Gross Exports | K8: 90.049
A9: H5 | B9: 56 | C9: BEL | D9: Belgium | E9: 180632 | F9: 0 | G9: WLD | H9: World | I9: 2024 | J9: Gross Exports | K9: 310005.93
A10: H5 | B10: 68 | C10: BOL | D10: Bolivia | E10: 180632 | F10: 0 | G10: WLD | H10: World | I10: 2024 | J10: Gross Exports | K10: 83.22693
A11: H5 | B11: 70 | C11: BIH | D11: Bosnia Herzg | E11: 180632 | F11: 0 | G11: WLD | H11: World | I11: 2024 | J11: Gross Exports | K11: 3632.5367
A12: H5 | B12: 76 | C12: BRA | D12: Brazil | E12: 180632 | F12: 0 | G12: WLD | H12: World | I12: 2024 | J12: Gross Exports | K12: 32915.507
A13: H5 | B13: 97 | C13: EUN | D13: European Union | E13: 180632 | F13: 0 | G13: WLD | H13: World | I13: 2024 | J13: Gross Exports | K13: 1837797.9
... A1154: H4 | B1154: 528 | C1154: NLD | D1154: Netherlands | E1154: 180632 | F1154: 0 | G1154: WLD | H1154: World | I1154: 2019 | J1154: Gross Exports | K1154: 81704.261
A1155: H4 | B1155: 531 | C1155: CUW | E1155: 180632 | F1155: 0 | G1155: WLD | H1155: World | I1155: 2019 | J1155: Gross Exports | K1155: 0.391059
A1156: H4 | B1156: 554 | C1156: NZL | D1156: New Zealand | E1156: 180632 | F1156: 0 | G1156: WLD | H1156: World | I1156: 2019 | J1156: Gross Exports | K1156: 30717.724
A1157: H4 | B1157: 558 | C1157: NIC | D1157: Nicaragua | E1157: 180632 | F1157: 0 | G1157: WLD | H1157: World | I1157: 2019 | J1157: Gross Exports | K1157: 3.27306
A1158: H4 | B1158: 579 | C1158: NOR | D1158: Norway,Sb,JM | E1158: 180632 | F1158: 0 | G1158: WLD | H1158: World | I1158: 2019 | J1158: Gross Exports | K1158: 9644.7879
A1159: H4 | B1159: 591 | C1159: PAN | D1159: Panama | E1159: 180632 | F1159: 0 | G1159: WLD | H1159: World | I1159: 2019 | J1159: Gross Exports | K1159: 3243.207
A1160: H4 | B1160: 598 | C1160: PNG | D1160: Papua N.Guin | E1160: 180632 | F1160: 0 | G1160: WLD | H1160: World | I1160: 2019 | J1160: Gross Exports | K1160: 8.651386
A1161: H4 | B1161: 604 | C1161: PER | D1161: Peru | E1161: 180632 | F1161: 0 | G1161: WLD | H1161: World | I1161: 2019 | J1161: Gross Exports | K1161: 2638.3396
A1162: H4 | B1162: 608 | C1162: PHL | D1162: Philippines | E1162: 180632 | F1162: 0 | G1162: WLD | H1162: World | I1162: 2019 | J1162: Gross Exports | K1162: 160.845
A1163: H4 | B1163: 616 | C1163: POL | D1163: Poland | E1163: 180632 | F1163: 0 | G1163: WLD | H1163: World | I1163: 2019 | J1163: Gross Exports | K1163: 247826
A1164: H4 | B1164: 620 | C1164: PRT | D1164: Portugal | E1164: 180632 | F1164: 0 | G1164: WLD | H1164: World | I1164: 2019 | J1164: Gross Exports | K1164: 8132.8192
A1165: H4 | B1165: 642 | C1165: ROM | D1165: Romania | E1165: 180632 | F1165: 0 | G1165: WLD | H1165: World | I1165: 2019 | J1165: Gross Exports | K1165: 19726.115
A1166: H4 | B1166: 643 | C1166: RUS | D1166: Russian Fed | E1166: 180632 | F1166: 0 | G1166: WLD | H1166: World | I1166: 2019 | J1166: Gross Exports | K1166: 58806.789
A1167: H4 | B1167: 646 | C1167: RWA | D1167: Rwanda | E1167: 180632 | F1167: 0 | G1167: WLD | H1167: World | I1167: 2019 | J1167: Gross Exports | K1167: 7.47569
... A1384: H4 | B1384: 528 | C1384: NLD | D1384: Netherlands | E1384: 180631 | F1384: 0 | G1384: WLD | H1384: World | I1384: 2018 | J1384: Gross Exports | K1384: 815598.21
A1385: H4 | B1385: 531 | C1385: CUW | E1385: 180631 | F1385: 0 | G1385: WLD | H1385: World | I1385: 2018 | J1385: Gross Exports | K1385: 20.558601
A1386: H4 | B1386: 554 | C1386: NZL | D1386: New Zealand | E1386: 180631 | F1386: 0 | G1386: WLD | H1386: World | I1386: 2018 | J1386: Gross Exports | K1386: 10433.295
A1387: H4 | B1387: 558 | C1387: NIC | D1387: Nicaragua | E1387: 180631 | F1387: 0 | G1387: WLD | H1387: World | I1387: 2018 | J1387: Gross Exports | K1387: 16.76352
A1388: H4 | B1388: 562 | C1388: NER | D1388: Niger | E1388: 180631 | F1388: 0 | G1388: WLD | H1388: World | I1388: 2018 | J1388: Gross Exports | K1388: 16.22942
A1389: H4 | B1389: 566 | C1389: NGA | D1389: Nigeria | E1389: 180631 | F1389: 0 | G1389: WLD | H1389: World | I1389: 2018 | J1389: Gross Exports | K1389: 66.831578
A1390: H4 | B1390: 579 | C1390: NOR | D1390: Norway,Sb,JM | E1390: 180631 | F1390: 0 | G1390: WLD | H1390: World | I1390: 2018 | J1390: Gross Exports | K1390: 2161.9012
A1391: H4 | B1391: 591 | C1391: PAN | D1391: Panama | E1391: 180631 | F1391: 0 | G1391: WLD | H1391: World | I1391: 2018 | J1391: Gross Exports | K1391: 7205.272
A1392: H4 | B1392: 600 | C1392: PRY | D1392: Paraguay | E1392: 180631 | F1392: 0 | G1392: WLD | H1392: World | I1392: 2018 | J1392: Gross Exports | K1392: 6.999
A1393: H4 | B1393: 604 | C1393: PER | D1393: Peru | E1393: 180631 | F1393: 0 | G1393: WLD | H1393: World | I1393: 2018 | J1393: Gross Exports | K1393: 522.55096
A1394: H4 | B1394: 608 | C1394: PHL | D1394: Philippines | E1394: 180631 | F1394: 0 | G1394: WLD | H1394: World | I1394: 2018 | J1394: Gross Exports | K1394: 521.328
A1395: H4 | B1395: 616 | C1395: POL | D1395: Poland | E1395: 180631 | F1395: 0 | G1395: WLD | H1395: World | I1395: 2018 | J1395: Gross Exports | K1395: 199689.94
A1396: H4 | B1396: 620 | C1396: PRT | D1396: Portugal | E1396: 180631 | F1396: 0 | G1396: WLD | H1396: World | I1396: 2018 | J1396: Gross Exports | K1396: 3138.1574
A1397: H4 | B1397: 642 | C1397: ROM | D1397: Romania | E1397: 180631 | F1397: 0 | G1397: WLD | H1397: World | I1397: 2018 | J1397: Gross Exports | K1397: 17610.137
... A2535: H4 | B2535: 894 | C2535: ZMB | D2535: Zambia | E2535: 180631 | F2535: 0 | G2535: WLD | H2535: World | I2535: 2013 | J2535: Gross Exports | K2535: 28.434132

Sheet Cleaned_Trade_WITS
A1: nomenclature | B1: reporter_code | C1: reporter_iso3 | D1: reporter_name | E1: product_code | F1: partner_code | G1: partner_iso3 | H1: partner_name | I1: year | J1: trade_flow_name | K1: trade_value_in_1000_usd
A2: H5 | B2: 8 | C2: ALB | D2: Albania | E2: 180632 | F2: 0 | G2: WLD | H2: World | I2: 2024 | J2: Gross Exports | K2: 60.440147
A3: H5 | B3: 31 | C3: AZE | D3: Azerbaijan | E3: 180632 | F3: 0 | G3: WLD | H3: World | I3: 2024 | J3: Gross Exports | K3: 22.344
A4: H5 | B4: 32 | C4: ARG | D4: Argentina | E4: 180632 | F4: 0 | G4: WLD | H4: World | I4: 2024 | J4: Gross Exports | K4: 8934.9589
A5: H5 | B5: 36 | C5: AUS | D5: Australia | E5: 180632 | F5: 0 | G5: WLD | H5: World | I5: 2024 | J5: Gross Exports | K5: 19816.752
A6: H5 | B6: 40 | C6: AUT | D6: Austria | E6: 180632 | F6: 0 | G6: WLD | H6: World | I6: 2024 | J6: Gross Exports | K6: 360504.02
A7: H5 | B7: 51 | C7: ARM | D7: Armenia | E7: 180632 | F7: 0 | G7: WLD | H7: World | I7: 2024 | J7: Gross Exports | K7: 376.2471
A8: H5 | B8: 52 | C8: BRB | D8: Barbados | E8: 180632 | F8: 0 | G8: WLD | H8: World | I8: 2024 | J8: Gross Exports | K8: 90.049
A9: H5 | B9: 56 | C9: BEL | D9: Belgium | E9: 180632 | F9: 0 | G9: WLD | H9: World | I9: 2024 | J9: Gross Exports | K9: 310005.93
A10: H5 | B10: 68 | C10: BOL | D10: Bolivia | E10: 180632 | F10: 0 | G10: WLD | H10: World | I10: 2024 | J10: Gross Exports | K10: 83.22693
A11: H5 | B11: 70 | C11: BIH | D11: Bosnia Herzg | E11: 180632 | F11: 0 | G11: WLD | H11: World | I11: 2024 | J11: Gross Exports | K11: 3632.5367
A12: H5 | B12: 76 | C12: BRA | D12: Brazil | E12: 180632 | F12: 0 | G12: WLD | H12: World | I12: 2024 | J12: Gross Exports | K12: 32915.507
A13: H5 | B13: 97 | C13: EUN | D13: European Union | E13: 180632 | F13: 0 | G13: WLD | H13: World | I13: 2024 | J13: Gross Exports | K13: 1837797.9
... A2656: H4 | B2656: 894 | C2656: ZMB | D2656: Zambia | E2656: 180631 | F2656: 0 | G2656: WLD | H2656: World | I2656: 2013 | J2656: Gross Exports | K2656: 28.434132

Sheet Raw_Chocolate_Producer_Price
A1: observation_date | B1: PCU3113513113514
A2: 40878 | B2: 100
A3: 40909 | B3: 100
A4: 40940 | B4: 100
A5: 40969 | B5: 100
A6: 41000 | B6: 100
A7: 41030 | B7: 100
A8: 41061 | B8: 100
A9: 41091 | B9: 100
A10: 41122 | B10: 100
A11: 41153 | B11: 100
A12: 41183 | B12: 100
A13: 41214 | B13: 100
... A164: 45809 | B164: 171.748

Sheet Cleaned_Chocolate_Producer_Pric
A1: observation_date | B1: producer_price_index
A2: 40878 | B2: 100
A3: 40909 | B3: 100
A4: 40940 | B4: 100
A5: 40969 | B5: 100
A6: 41000 | B6: 100
A7: 41030 | B7: 100
A8: 41061 | B8: 100
A9: 41091 | B9: 100
A10: 41122 | B10: 100
A11: 41153 | B11: 100
A12: 41183 | B12: 100
A13: 41214 | B13: 100
... A164: 45809 | B164: 171.748

Sheet Raw_ComTrade
A1: typeCode | B1: freqCode | C1: refPeriodId | D1: refYear | E1: refMonth | F1: period | G1: reporterCode | H1: reporterISO | I1: reporterDesc | J1: flowCode | K1: flowDesc | L1: partnerCode | M1: partnerISO | N1: partnerDesc | O1: partner2Code | P1: partner2ISO | Q1: partner2Desc | R1: classificationCode | S1: classificationSearchCode | T1: isOriginalClassification | U1: cmdCode | V1: cmdDesc | W1: aggrLevel | X1: isLeaf | Y1: customsCode | Z1: customsDesc | AA1: mosCode | AB1: motCode | AC1: motDesc | AD1: qtyUnitCode | AE1: qtyUnitAbbr | AF1: qty | AG1: isQtyEstimated | AH1: altQtyUnitCode | AI1: altQtyUnitAbbr | AJ1: altQty | AK1: isAltQtyEstimated | AL1: netWgt | AM1: isNetWgtEstimated | AN1: grossWgt | AO1: isGrossWgtEstimated | AP1: cifvalue | AQ1: fobvalue | AR1: primaryValue | AS1: legacyEstimationFlag | AT1: isReported | AU1: isAggregate
A2: C | B2: M | C2: 20160101 | D2: 2016 | E2: 1 | F2: 201601 | G2: 170 | H2: COL | I2: Colombia | J2: M | K2: Import | L2: 0 | M2: W00 | N2: World | O2: 0 | P2: W00 | Q2: World | R2: H4 | S2: HS | T2: TRUE | U2: 180631 | V2: Chocolate and other food preparations containing cocoa; in blocks, slabs or bars, filled, weighing 2kg or less | W2: 6 | X2: TRUE | Y2: C00 | Z2: TOTAL CPC | AA2: 0 | AB2: 0 | AC2: TOTAL MOT | AD2: -1 | AE2: N/A | AF2: 0 | AG2: FALSE | AH2: -1 | AI2: N/A | AJ2: 0 | AK2: FALSE | AL2: 82493.26 | AM2: FALSE | AN2: 0 | AO2: FALSE | AP2: 408182.45 | AQ2: 0 | AR2: 408182.45 | AS2: 0 | AT2: FALSE | AU2: TRUE
A3: C | B3: M | C3: 20160201 | D3: 2016 | E3: 2 | F3: 201602 | G3: 170 | H3: COL | I3: Colombia | J3: M | K3: Import | L3: 0 | M3: W00 | N3: World | O3: 0 | P3: W00 | Q3: World | R3: H4 | S3: HS | T3: TRUE | U3: 180631 | V3: Chocolate and other food preparations containing cocoa; in blocks, slabs or bars, filled, weighing 2kg or less | W3: 6 | X3: TRUE | Y3: C00 | Z3: TOTAL CPC | AA3: 0 | AB3: 0 | AC3: TOTAL MOT | AD3: -1 | AE3: N/A | AF3: 0 | AG3: FALSE | AH3: -1 | AI3: N/A | AJ3: 0 | AK3: FALSE | AL3: 283962.38 | AM3: FALSE | AN3: 0 | AO3: FALSE | AP3: 1012636.8 | AQ3: 0 | AR3: 1012636.8 | AS3: 0 | AT3: FALSE | AU3: TRUE
A4: C | B4: M | C4: 20160301 | D4: 2016 | E4: 3 | F4: 201603 | G4: 170 | H4: COL | I4: Colombia | J4: M | K4: Import | L4: 0 | M4: W00 | N4: World | O4: 0 | P4: W00 | Q4: World | R4: H4 | S4: HS | T4: TRUE | U4: 180631 | V4: Chocolate and other food preparations containing cocoa; in blocks, slabs or bars, filled, weighing 2kg or less | W4: 6 | X4: TRUE | Y4: C00 | Z4: TOTAL CPC | AA4: 0 | AB4: 0 | AC4: TOTAL MOT | AD4: -1 | AE4: N/A | AF4: 0 | AG4: FALSE | AH4: -1 | AI4: N/A | AJ4: 0 | AK4: FALSE | AL4: 189855.34 | AM4: FALSE | AN4: 0 | AO4: FALSE | AP4: 943404.93 | AQ4: 0 | AR4: 943404.93 | AS4: 0 | AT4: FALSE | AU4: TRUE
A5: C | B5: M | C5: 20160401 | D5: 2016 | E5: 4 | F5: 201604 | G5: 170 | H5: COL | I5: Colombia | J5: M | K5: Import | L5: 0 | M5: W00 | N5: World | O5: 0 | P5: W00 | Q5: World | R5: H4 | S5: HS | T5: TRUE | U5: 180631 | V5: Chocolate and other food preparations containing cocoa; in blocks, slabs or bars, filled, weighing 2kg or less | W5: 6 | X5: TRUE | Y5: C00 | Z5: TOTAL CPC | AA5: 0 | AB5: 0 | AC5: TOTAL MOT | AD5: -1 | AE5: N/A | AF5: 0 | AG5: FALSE | AH5: -1 | AI5: N/A | AJ5: 0 | AK5: FALSE | AL5: 227043.33 | AM5: FALSE | AN5: 0 | AO5: FALSE | AP5: 1041818.8 | AQ5: 0 | AR5: 1041818.8 | AS5: 0 | AT5: FALSE | AU5: TRUE
A6: C | B6: M | C6: 20160501 | D6: 2016 | E6: 5 | F6: 201605 | G6: 170 | H6: COL | I6: Colombia | J6: M | K6: Import | L6: 0 | M6: W00 | N6: World | O6: 0 | P6: W00 | Q6: World | R6: H4 | S6: HS | T6: TRUE | U6: 180631 | V6: Chocolate and other food preparations containing cocoa; in blocks, slabs or bars, filled, weighing 2kg or less | W6: 6 | X6: TRUE | Y6: C00 | Z6: TOTAL CPC | AA6: 0 | AB6: 0 | AC6: TOTAL MOT | AD6: -1 | AE6: N/A | AF6: 0 | AG6: FALSE | AH6: -1 | AI6: N/A | AJ6: 0 | AK6: FALSE | AL6: 162796.77 | AM6: FALSE | AN6: 0 | AO6: FALSE | AP6: 768632.1 | AQ6: 0 | AR6: 768632.1 | AS6: 0 | AT6: FALSE | AU6: TRUE
A7: C | B7: M | C7: 20160601 | D7: 2016 | E7: 6 | F7: 201606 | G7: 170 | H7: COL | I7: Colombia | J7: M | K7: Import | L7: 0 | M7: W00 | N7: World | O7: 0 | P7: W00 | Q7: World | R7: H4 | S7: HS | T7: TRUE | U7: 180631 | V7: Chocolate and other food preparations containing cocoa; in blocks, slabs or bars, filled, weighing 2kg or less | W7: 6 | X7: TRUE | Y7: C00 | Z7: TOTAL CPC | AA7: 0 | AB7: 0 | AC7: TOTAL MOT | AD7: -1 | AE7: N/A | AF7: 0 | AG7: FALSE | AH7: -1 | AI7: N/A | AJ7: 0 | AK7: FALSE | AL7: 175045.66 | AM7: FALSE | AN7: 0 | AO7: FALSE | AP7: 619259.68 | AQ7: 0 | AR7: 619259.68 | AS7: 0 | AT7: FALSE | AU7: TRUE
A8: C | B8: M | C8: 20160701 | D8: 2016 | E8: 7 | F8: 201607 | G8: 170 | H8: COL | I8: Colombia | J8: M | K8: Import | L8: 0 | M8: W00 | N8: World | O8: 0 | P8: W00 | Q8: World | R8: H4 | S8: HS | T8: TRUE | U8: 180631 | V8: Chocolate and other food preparations containing cocoa; in blocks, slabs or bars, filled, weighing 2kg or less | W8: 6 | X8: TRUE | Y8: C00 | Z8: TOTAL CPC | AA8: 0 | AB8: 0 | AC8: TOTAL MOT | AD8: -1 | AE8: N/A | AF8: 0 | AG8: FALSE | AH8: -1 | AI8: N/A | AJ8: 0 | AK8: FALSE | AL8: 241369.43 | AM8: FALSE | AN8: 0 | AO8: FALSE | AP8: 1069912.3 | AQ8: 0 | AR8: 1069912.3 | AS8: 0 | AT8: FALSE | AU8: TRUE
A9: C | B9: M | C9: 20160801 | D9: 2016 | E9: 8 | F9: 201608 | G9: 170 | H9: COL | I9: Colombia | J9: M | K9: Import | L9: 0 | M9: W00 | N9: World | O9: 0 | P9: W00 | Q9: World | R9: H4 | S9: HS | T9: TRUE | U9: 180631 | V9: Chocolate and other food preparations containing cocoa; in blocks, slabs or bars, filled, weighing 2kg or less | W9: 6 | X9: TRUE | Y9: C00 | Z9: TOTAL CPC | AA9: 0 | AB9: 0 | AC9: TOTAL MOT | AD9: -1 | AE9: N/A | AF9: 0 | AG9: FALSE | AH9: -1 | AI9: N/A | AJ9: 0 | AK9: FALSE | AL9: 339448.09 | AM9: FALSE | AN9: 0 | AO9: FALSE | AP9: 1443387.8 | AQ9: 0 | AR9: 1443387.8 | AS9: 0 | AT9: FALSE | AU9: TRUE
A10: C | B10: M | C10: 20160901 | D10: 2016 | E10: 9 | F10: 201609 | G10: 170 | H10: COL | I10: Colombia | J10: M | K10: Import | L10: 0 | M10: W00 | N10: World | O10: 0 | P10: W00 | Q10: World | R10: H4 | S10: HS | T10: TRUE | U10: 180631 | V10: Chocolate and other food preparations containing cocoa; in blocks, slabs or bars, filled, weighing 2kg or less | W10: 6 | X10: TRUE | Y10: C00 | Z10: TOTAL CPC | AA10: 0 | AB10: 0 | AC10: TOTAL MOT | AD10: -1 | AE10: N/A | AF10: 0 | AG10: FALSE | AH10: -1 | AI10: N/A | AJ10: 0 | AK10: FALSE | AL10: 303026.71 | AM10: FALSE | AN10: 0 | AO10: FALSE | AP10: 1230923.9 | AQ10: 0 | AR10: 1230923.9 | AS10: 0 | AT10: FALSE | AU10: TRUE
A11: C | B11: M | C11: 20161001 | D11: 2016 | E11: 10 | F11: 201610 | G11: 170 | H11: COL | I11: Colombia | J11: M | K11: Import | L11: 0 | M11: W00 | N11: World | O11: 0 | P11: W00 | Q11: World | R11: H4 | S11: HS | T11: TRUE | U11: 180631 | V11: Chocolate and other food preparations containing cocoa; in blocks, slabs or bars, filled, weighing 2kg or less | W11: 6 | X11: TRUE | Y11: C00 | Z11: TOTAL CPC | AA11: 0 | AB11: 0 | AC11: TOTAL MOT | AD11: -1 | AE11: N/A | AF11: 0 | AG11: FALSE | AH11: -1 | AI11: N/A | AJ11: 0 | AK11: FALSE | AL11: 334312.16 | AM11: FALSE | AN11: 0 | AO11: FALSE | AP11: 1435981.9 | AQ11: 0 | AR11: 1435981.9 | AS11: 0 | AT11: FALSE | AU11: TRUE
A12: C | B12: M | C12: 20161101 | D12: 2016 | E12: 11 | F12: 201611 | G12: 170 | H12: COL | I12: Colombia | J12: M | K12: Import | L12: 0 | M12: W00 | N12: World | O12: 0 | P12: W00 | Q12: World | R12: H4 | S12: HS | T12: TRUE | U12: 180631 | V12: Chocolate and other food preparations containing cocoa; in blocks, slabs or bars, filled, weighing 2kg or less | W12: 6 | X12: TRUE | Y12: C00 | Z12: TOTAL CPC | AA12: 0 | AB12: 0 | AC12: TOTAL MOT | AD12: -1 | AE12: N/A | AF12: 0 | AG12: FALSE | AH12: -1 | AI12: N/A | AJ12: 0 | AK12: FALSE | AL12: 261297.78 | AM12: FALSE | AN12: 0 | AO12: FALSE | AP12: 1360707 | AQ12: 0 | AR12: 1360707 | AS12: 0 | AT12: FALSE | AU12: TRUE
A13: C | B13: M | C13: 20161201 | D13: 2016 | E13: 12 | F13: 201612 | G13: 170 | H13: COL | I13: Colombia | J13: M | K13: Import | L13: 0 | M13: W00 | N13: World | O13: 0 | P13: W00 | Q13: World | R13: H4 | S13: HS | T13: TRUE | U13: 180631 | V13: Chocolate and other food preparations containing cocoa; in blocks, slabs or bars, filled, weighing 2kg or less | W13: 6 | X13: TRUE | Y13: C00 | Z13: TOTAL CPC | AA13: 0 | AB13: 0 | AC13: TOTAL MOT | AD13: -1 | AE13: N/A | AF13: 0 | AG13: FALSE | AH13: -1 | AI13: N/A | AJ13: 0 | AK13: FALSE | AL13: 243809.55 | AM13: FALSE | AN13: 0 | AO13: FALSE | AP13: 1094045.6 | AQ13: 0 | AR13: 1094045.6 | AS13: 0 | AT13: FALSE | AU13: TRUE
... A193: C | B193: M | C193: 20231201 | D193: 2023 | E193: 12 | F193: 202312 | G193: 170 | H193: COL | I193: Colombia | J193: M | K193: Import | L193: 0 | M193: W00 | N193: World | O193: 0 | P193: W00 | Q193: World | R193: H6 | S193: HS | T193: TRUE | U193: 180632 | V193: Chocolate and other food preparations containing cocoa; in blocks, slabs or bars, (not filled), weighing 2kg or less | W193: 6 | X193: TRUE | Y193: C00 | Z193: TOTAL CPC | AA193: 0 | AB193: 0 | AC193: TOTAL MOT | AD193: 8 | AE193: kg | AF193: 42847.1 | AG193: FALSE | AH193: 8 | AI193: kg | AJ193: 42847.1 | AK193: FALSE | AL193: 42847.1 | AM193: FALSE | AN193: 0 | AO193: FALSE | AP193: 323255.5 | AQ193: 309490.29 | AR193: 323255.5 | AS193: 0 | AT193: FALSE | AU193: TRUE
